Workbook

Sheet Countries by Continent
A1: S. No. | B1: Country | C1: Continent | D1: Sub-Region | E1: Population (2025 est.) | F1: Population Band | G1: GDP Nominal, USD (2024) | H1: GDP per Capita, USD | I1: Income Tier | J1: African Diaspora (Yes/No) | K1: Est. African-Descent Population | L1: Diaspora Profile | M1: Diaspora Priority | N1: Landlocked | O1: ECOWAS Status | P1: AfCFTA | Q1: Trade Bloc / Market Access | R1: Business Language | S1: Notes | T1: Existing Buyer? (Y/N) | U1: Import Duty % (HS 3923/3924) | V1: Est. Annual Import Value (USD) | W1: Local Competition (H/M/L) | X1: Distributor Status | Y1: Assigned | Z1: Market Size (1-5) | AA1: Access Ease (1-5) | AB1: Diaspora Fit (1-5) | AC1: Competition (1-5) | AD1: Weighted Score | AE1: Priority Tier
A2: 41 | B2: Sao Tome and Principe | C2: Africa | D2: Middle Africa | E2: 240000 | F2: =IF($E2="","",IF($E2>=100000000,"Over 100 m",IF($E2>=25000000,"25-100 m",IF($E2>=5000000,"5-25 m",IF($E2>=1000000,"1-5 m","Under 1 m"))))) -> Under 1 m | G2: 750000000 | H2: =IF(OR($G2="",$E2="",$E2=0),"",ROUND($G2/$E2,0)) -> 3125 | I2: =IF($H2="","",IF($H2>14005,"High income",IF($H2>4515,"Upper-middle",IF($H2>1145,"Lower-middle","Low income")))) -> Lower-middle | J2: Home | K2: Source continent | L2: Home market - not diaspora; served directly by SACVIN Nigeria / AfCFTA | M2: Home | N2: No | O2: Non-member | P2: Signatory | Q2: AfCFTA | R2: Portuguese | Y2: =IF($C2="Africa","Manan",IF(OR($C2="Europe",$C2="South America",$C2="Oceania"),"Dev","Aditya")) -> Manan | AB2: =IF($M2="High",5,IF($M2="Medium",3,IF($M2="Home",4,IF($M2="Low",1,0)))) -> 4 | AD2: =IF(COUNT(Z2,AA2,AC2)=0,"",ROUND(Z2*'Scoring Guide'!$B$5+AA2*'Scoring Guide'!$B$6+AB2*'Scoring Guide'!$B$7+AC2*'Scoring Guide'!$B$8,2)) | AE2: =IF(AD2="","Not scored",IF(AD2>='Scoring Guide'!$B$11,"Tier 1 - Priority",IF(AD2>='Scoring Guide'!$B$12,"Tier 2 - Develop",IF(AD2>='Scoring Guide'!$B$13,"Tier 3 - Monitor","Tier 4 - Deprioritise")))) -> Not scored
A3: 11 | B3: Comoros | C3: Africa | D3: Eastern Africa | E3: 880000 | F3: =IF($E3="","",IF($E3>=100000000,"Over 100 m",IF($E3>=25000000,"25-100 m",IF($E3>=5000000,"5-25 m",IF($E3>=1000000,"1-5 m","Under 1 m"))))) -> Under 1 m | G3: 1400000000 | H3: =IF(OR($G3="",$E3="",$E3=0),"",ROUND($G3/$E3,0)) -> 1591 | I3: =IF($H3="","",IF($H3>14005,"High income",IF($H3>4515,"Upper-middle",IF($H3>1145,"Lower-middle","Low income")))) -> Lower-middle | J3: Home | K3: Source continent | L3: Home market - not diaspora; served directly by SACVIN Nigeria / AfCFTA | M3: Home | N3: No | O3: Non-member | P3: Signatory | Q3: AfCFTA | R3: Arabic / French | Y3: =IF($C3="Africa","Manan",IF(OR($C3="Europe",$C3="South America",$C3="Oceania"),"Dev","Aditya")) -> Manan | AB3: =IF($M3="High",5,IF($M3="Medium",3,IF($M3="Home",4,IF($M3="Low",1,0)))) -> 4 | AD3: =IF(COUNT(Z3,AA3,AC3)=0,"",ROUND(Z3*'Scoring Guide'!$B$5+AA3*'Scoring Guide'!$B$6+AB3*'Scoring Guide'!$B$7+AC3*'Scoring Guide'!$B$8,2)) | AE3: =IF(AD3="","Not scored",IF(AD3>='Scoring Guide'!$B$11,"Tier 1 - Priority",IF(AD3>='Scoring Guide'!$B$12,"Tier 2 - Develop",IF(AD3>='Scoring Guide'!$B$13,"Tier 3 - Monitor","Tier 4 - Deprioritise")))) -> Not scored
A4: 43 | B4: Seychelles | C4: Africa | D4: Eastern Africa | E4: 130000 | F4: =IF($E4="","",IF($E4>=100000000,"Over 100 m",IF($E4>=25000000,"25-100 m",IF($E4>=5000000,"5-25 m",IF($E4>=1000000,"1-5 m","Under 1 m"))))) -> Under 1 m | G4: 2200000000 | H4: =IF(OR($G4="",$E4="",$E4=0),"",ROUND($G4/$E4,0)) -> 16923 | I4: =IF($H4="","",IF($H4>14005,"High income",IF($H4>4515,"Upper-middle",IF($H4>1145,"Lower-middle","Low income")))) -> High income | J4: Home | K4: Source continent | L4: Home market - not diaspora; served directly by SACVIN Nigeria / AfCFTA | M4: Home | N4: No | O4: Non-member | P4: Signatory | Q4: AfCFTA | R4: French / English | Y4: =IF($C4="Africa","Manan",IF(OR($C4="Europe",$C4="South America",$C4="Oceania"),"Dev","Aditya")) -> Manan | AB4: =IF($M4="High",5,IF($M4="Medium",3,IF($M4="Home",4,IF($M4="Low",1,0)))) -> 4 | AD4: =IF(COUNT(Z4,AA4,AC4)=0,"",ROUND(Z4*'Scoring Guide'!$B$5+AA4*'Scoring Guide'!$B$6+AB4*'Scoring Guide'!$B$7+AC4*'Scoring Guide'!$B$8,2)) | AE4: =IF(AD4="","Not scored",IF(AD4>='Scoring Guide'!$B$11,"Tier 1 - Priority",IF(AD4>='Scoring Guide'!$B$12,"Tier 2 - Develop",IF(AD4>='Scoring Guide'!$B$13,"Tier 3 - Monitor","Tier 4 - Deprioritise")))) -> Not scored
A5: 7 | B5: Cabo Verde | C5: Africa | D5: Western Africa | E5: 530000 | F5: =IF($E5="","",IF($E5>=100000000,"Over 100 m",IF($E5>=25000000,"25-100 m",IF($E5>=5000000,"5-25 m",IF($E5>=1000000,"1-5 m","Under 1 m"))))) -> Under 1 m | G5: 2800000000 | H5: =IF(OR($G5="",$E5="",$E5=0),"",ROUND($G5/$E5,0)) -> 5283 | I5: =IF($H5="","",IF($H5>14005,"High income",IF($H5>4515,"Upper-middle",IF($H5>1145,"Lower-middle","Low income")))) -> Upper-middle | J5: Home | K5: Source continent | L5: Home market - not diaspora; served directly by SACVIN Nigeria / AfCFTA | M5: Home | N5: No | O5: Member | P5: Signatory | Q5: AfCFTA | R5: Portuguese | Y5: =IF($C5="Africa","Manan",IF(OR($C5="Europe",$C5="South America",$C5="Oceania"),"Dev","Aditya")) -> Manan | AB5: =IF($M5="High",5,IF($M5="Medium",3,IF($M5="Home",4,IF($M5="Low",1,0)))) -> 4 | AD5: =IF(COUNT(Z5,AA5,AC5)=0,"",ROUND(Z5*'Scoring Guide'!$B$5+AA5*'Scoring Guide'!$B$6+AB5*'Scoring Guide'!$B$7+AC5*'Scoring Guide'!$B$8,2)) | AE5: =IF(AD5="","Not scored",IF(AD5>='Scoring Guide'!$B$11,"Tier 1 - Priority",IF(AD5>='Scoring Guide'!$B$12,"Tier 2 - Develop",IF(AD5>='Scoring Guide'!$B$13,"Tier 3 - Monitor","Tier 4 - Deprioritise")))) -> Not scored
A6: 12 | B6: Congo (Democratic Republic of the) | C6: Africa | D6: Middle Africa | E6: 112000000 | F6: =IF($E6="","",IF($E6>=100000000,"Over 100 m",IF($E6>=25000000,"25-100 m",IF($E6>=5000000,"5-25 m",IF($E6>=1000000,"1-5 m","Under 1 m"))))) -> Over 100 m | G6: 75000000000 | H6: =IF(OR($G6="",$E6="",$E6=0),"",ROUND($G6/$E6,0)) -> 670 | I6: =IF($H6="","",IF($H6>14005,"High income",IF($H6>4515,"Upper-middle",IF($H6>1145,"Lower-middle","Low income")))) -> Low income | J6: Home | K6: Source continent | L6: Home market - not diaspora; served directly by SACVIN Nigeria / AfCFTA | M6: Home | N6: No | O6: Non-member | P6: Signatory | Q6: AfCFTA | R6: French | Y6: =IF($C6="Africa","Manan",IF(OR($C6="Europe",$C6="South America",$C6="Oceania"),"Dev","Aditya")) -> Manan | AB6: =IF($M6="High",5,IF($M6="Medium",3,IF($M6="Home",4,IF($M6="Low",1,0)))) -> 4 | AD6: =IF(COUNT(Z6,AA6,AC6)=0,"",ROUND(Z6*'Scoring Guide'!$B$5+AA6*'Scoring Guide'!$B$6+AB6*'Scoring Guide'!$B$7+AC6*'Scoring Guide'!$B$8,2)) | AE6: =IF(AD6="","Not scored",IF(AD6>='Scoring Guide'!$B$11,"Tier 1 - Priority",IF(AD6>='Scoring Guide'!$B$12,"Tier 2 - Develop",IF(AD6>='Scoring Guide'!$B$13,"Tier 3 - Monitor","Tier 4 - Deprioritise")))) -> Not scored
A7: 20 | B7: Ethiopia | C7: Africa | D7: Eastern Africa | E7: 135000000 | F7: =IF($E7="","",IF($E7>=100000000,"Over 100 m",IF($E7>=25000000,"25-100 m",IF($E7>=5000000,"5-25 m",IF($E7>=1000000,"1-5 m","Under 1 m"))))) -> Over 100 m | G7: 145000000000 | H7: =IF(OR($G7="",$E7="",$E7=0),"",ROUND($G7/$E7,0)) -> 1074 | I7: =IF($H7="","",IF($H7>14005,"High income",IF($H7>4515,"Upper-middle",IF($H7>1145,"Lower-middle","Low income")))) -> Low income | J7: Home | K7: Source continent | L7: Home market - not diaspora; served directly by SACVIN Nigeria / AfCFTA | M7: Home | N7: Yes | O7: Non-member | P7: Signatory | Q7: AfCFTA | R7: English | Y7: =IF($C7="Africa","Manan",IF(OR($C7="Europe",$C7="South America",$C7="Oceania"),"Dev","Aditya")) -> Manan | AB7: =IF($M7="High",5,IF($M7="Medium",3,IF($M7="Home",4,IF($M7="Low",1,0)))) -> 4 | AD7: =IF(COUNT(Z7,AA7,AC7)=0,"",ROUND(Z7*'Scoring Guide'!$B$5+AA7*'Scoring Guide'!$B$6+AB7*'Scoring Guide'!$B$7+AC7*'Scoring Guide'!$B$8,2)) | AE7: =IF(AD7="","Not scored",IF(AD7>='Scoring Guide'!$B$11,"Tier 1 - Priority",IF(AD7>='Scoring Guide'!$B$12,"Tier 2 - Develop",IF(AD7>='Scoring Guide'!$B$13,"Tier 3 - Monitor","Tier 4 - Deprioritise")))) -> Not scored
A8: 16 | B8: Egypt | C8: Africa | D8: Northern Africa | E8: 118000000 | F8: =IF($E8="","",IF($E8>=100000000,"Over 100 m",IF($E8>=25000000,"25-100 m",IF($E8>=5000000,"5-25 m",IF($E8>=1000000,"1-5 m","Under 1 m"))))) -> Over 100 m | G8: 380000000000 | H8: =IF(OR($G8="",$E8="",$E8=0),"",ROUND($G8/$E8,0)) -> 3220 | I8: =IF($H8="","",IF($H8>14005,"High income",IF($H8>4515,"Upper-middle",IF($H8>1145,"Lower-middle","Low income")))) -> Lower-middle | J8: Home | K8: Source continent | L8: Home market - not diaspora; served directly by SACVIN Nigeria / AfCFTA | M8: Home | N8: No | O8: Non-member | P8: Signatory | Q8: AfCFTA | R8: Arabic / English | S8: Transcontinental - Sinai Peninsula lies in Asia | Y8: =IF($C8="Africa","Manan",IF(OR($C8="Europe",$C8="South America",$C8="Oceania"),"Dev","Aditya")) -> Manan | AB8: =IF($M8="High",5,IF($M8="Medium",3,IF($M8="Home",4,IF($M8="Low",1,0)))) -> 4 | AD8: =IF(COUNT(Z8,AA8,AC8)=0,"",ROUND(Z8*'Scoring Guide'!$B$5+AA8*'Scoring Guide'!$B$6+AB8*'Scoring Guide'!$B$7+AC8*'Scoring Guide'!$B$8,2)) | AE8: =IF(AD8="","Not scored",IF(AD8>='Scoring Guide'!$B$11,"Tier 1 - Priority",IF(AD8>='Scoring Guide'!$B$12,"Tier 2 - Develop",IF(AD8>='Scoring Guide'!$B$13,"Tier 3 - Monitor","Tier 4 - Deprioritise")))) -> Not scored
A9: 6 | B9: Burundi | C9: Africa | D9: Eastern Africa | E9: 14400000 | F9: =IF($E9="","",IF($E9>=100000000,"Over 100 m",IF($E9>=25000000,"25-100 m",IF($E9>=5000000,"5-25 m",IF($E9>=1000000,"1-5 m","Under 1 m"))))) -> 5-25 m | G9: 2600000000 | H9: =IF(OR($G9="",$E9="",$E9=0),"",ROUND($G9/$E9,0)) -> 181 | I9: =IF($H9="","",IF($H9>14005,"High income",IF($H9>4515,"Upper-middle",IF($H9>1145,"Lower-middle","Low income")))) -> Low income | J9: Home | K9: Source continent | L9: Home market - not diaspora; served directly by SACVIN Nigeria / AfCFTA | M9: Home | N9: Yes | O9: Non-member | P9: Signatory | Q9: AfCFTA | R9: French | Y9: =IF($C9="Africa","Manan",IF(OR($C9="Europe",$C9="South America",$C9="Oceania"),"Dev","Aditya")) -> Manan | AB9: =IF($M9="High",5,IF($M9="Medium",3,IF($M9="Home",4,IF($M9="Low",1,0)))) -> 4 | AD9: =IF(COUNT(Z9,AA9,AC9)=0,"",ROUND(Z9*'Scoring Guide'!$B$5+AA9*'Scoring Guide'!$B$6+AB9*'Scoring Guide'!$B$7+AC9*'Scoring Guide'!$B$8,2)) | AE9: =IF(AD9="","Not scored",IF(AD9>='Scoring Guide'!$B$11,"Tier 1 - Priority",IF(AD9>='Scoring Guide'!$B$12,"Tier 2 - Develop",IF(AD9>='Scoring Guide'!$B$13,"Tier 3 - Monitor","Tier 4 - Deprioritise")))) -> Not scored
A10: 9 | B10: Central African Republic | C10: Africa | D10: Middle Africa | E10: 5700000 | F10: =IF($E10="","",IF($E10>=100000000,"Over 100 m",IF($E10>=25000000,"25-100 m",IF($E10>=5000000,"5-25 m",IF($E10>=1000000,"1-5 m","Under 1 m"))))) -> 5-25 m | G10: 2800000000 | H10: =IF(OR($G10="",$E10="",$E10=0),"",ROUND($G10/$E10,0)) -> 491 | I10: =IF($H10="","",IF($H10>14005,"High income",IF($H10>4515,"Upper-middle",IF($H10>1145,"Lower-middle","Low income")))) -> Low income | J10: Home | K10: Source continent | L10: Home market - not diaspora; served directly by SACVIN Nigeria / AfCFTA | M10: Home | N10: Yes | O10: Non-member | P10: Signatory | Q10: AfCFTA | R10: French | Y10: =IF($C10="Africa","Manan",IF(OR($C10="Europe",$C10="South America",$C10="Oceania"),"Dev","Aditya")) -> Manan | AB10: =IF($M10="High",5,IF($M10="Medium",3,IF($M10="Home",4,IF($M10="Low",1,0)))) -> 4 | AD10: =IF(COUNT(Z10,AA10,AC10)=0,"",ROUND(Z10*'Scoring Guide'!$B$5+AA10*'Scoring Guide'!$B$6+AB10*'Scoring Guide'!$B$7+AC10*'Scoring Guide'!$B$8,2)) | AE10: =IF(AD10="","Not scored",IF(AD10>='Scoring Guide'!$B$11,"Tier 1 - Priority",IF(AD10>='Scoring Guide'!$B$12,"Tier 2 - Develop",IF(AD10>='Scoring Guide'!$B$13,"Tier 3 - Monitor","Tier 4 - Deprioritise")))) -> Not scored
A11: 28 | B11: Liberia | C11: Africa | D11: Western Africa | E11: 5700000 | F11: =IF($E11="","",IF($E11>=100000000,"Over 100 m",IF($E11>=25000000,"25-100 m",IF($E11>=5000000,"5-25 m",IF($E11>=1000000,"1-5 m","Under 1 m"))))) -> 5-25 m | G11: 4600000000 | H11: =IF(OR($G11="",$E11="",$E11=0),"",ROUND($G11/$E11,0)) -> 807 | I11: =IF($H11="","",IF($H11>14005,"High income",IF($H11>4515,"Upper-middle",IF($H11>1145,"Lower-middle","Low income")))) -> Low income | J11: Home | K11: Source continent | L11: Home market - not diaspora; served directly by SACVIN Nigeria / AfCFTA | M11: Home | N11: No | O11: Member | P11: Signatory | Q11: AfCFTA | R11: English | Y11: =IF($C11="Africa","Manan",IF(OR($C11="Europe",$C11="South America",$C11="Oceania"),"Dev","Aditya")) -> Manan | AB11: =IF($M11="High",5,IF($M11="Medium",3,IF($M11="Home",4,IF($M11="Low",1,0)))) -> 4 | AD11: =IF(COUNT(Z11,AA11,AC11)=0,"",ROUND(Z11*'Scoring Guide'!$B$5+AA11*'Scoring Guide'!$B$6+AB11*'Scoring Guide'!$B$7+AC11*'Scoring Guide'!$B$8,2)) | AE11: =IF(AD11="","Not scored",IF(AD11>='Scoring Guide'!$B$11,"Tier 1 - Priority",IF(AD11>='Scoring Guide'!$B$12,"Tier 2 - Develop",IF(AD11>='Scoring Guide'!$B$13,"Tier 3 - Monitor","Tier 4 - Deprioritise")))) -> Not scored
A12: 47 | B12: South Sudan | C12: Africa | D12: Eastern Africa | E12: 12000000 | F12: =IF($E12="","",IF($E12>=100000000,"Over 100 m",IF($E12>=25000000,"25-100 m",IF($E12>=5000000,"5-25 m",IF($E12>=1000000,"1-5 m","Under 1 m"))))) -> 5-25 m | G12: 6000000000 | H12: =IF(OR($G12="",$E12="",$E12=0),"",ROUND($G12/$E12,0)) -> 500 | I12: =IF($H12="","",IF($H12>14005,"High income",IF($H12>4515,"Upper-middle",IF($H12>1145,"Lower-middle","Low income")))) -> Low income | J12: Home | K12: Source continent | L12: Home market - not diaspora; served directly by SACVIN Nigeria / AfCFTA | M12: Home | N12: Yes | O12: Non-member | P12: Signatory | Q12: AfCFTA | R12: English | Y12: =IF($C12="Africa","Manan",IF(OR($C12="Europe",$C12="South America",$C12="Oceania"),"Dev","Aditya")) -> Manan | AB12: =IF($M12="High",5,IF($M12="Medium",3,IF($M12="Home",4,IF($M12="Low",1,0)))) -> 4 | AD12: =IF(COUNT(Z12,AA12,AC12)=0,"",ROUND(Z12*'Scoring Guide'!$B$5+AA12*'Scoring Guide'!$B$6+AB12*'Scoring Guide'!$B$7+AC12*'Scoring Guide'!$B$8,2)) | AE12: =IF(AD12="","Not scored",IF(AD12>='Scoring Guide'!$B$11,"Tier 1 - Priority",IF(AD12>='Scoring Guide'!$B$12,"Tier 2 - Develop",IF(AD12>='Scoring Guide'!$B$13,"Tier 3 - Monitor","Tier 4 - Deprioritise")))) -> Not scored
A13: 44 | B13: Sierra Leone | C13: Africa | D13: Western Africa | E13: 8900000 | F13: =IF($E13="","",IF($E13>=100000000,"Over 100 m",IF($E13>=25000000,"25-100 m",IF($E13>=5000000,"5-25 m",IF($E13>=1000000,"1-5 m","Under 1 m"))))) -> 5-25 m | G13: 6400000000 | H13: =IF(OR($G13="",$E13="",$E13=0),"",ROUND($G13/$E13,0)) -> 719 | I13: =IF($H13="","",IF($H13>14005,"High income",IF($H13>4515,"Upper-middle",IF($H13>1145,"Lower-middle","Low income")))) -> Low income | J13: Home | K13: Source continent | L13: Home market - not diaspora; served directly by SACVIN Nigeria / AfCFTA | M13: Home | N13: No | O13: Member | P13: Signatory | Q13: AfCFTA | R13: English | Y13: =IF($C13="Africa","Manan",IF(OR($C13="Europe",$C13="South America",$C13="Oceania"),"Dev","Aditya")) -> Manan | AB13: =IF($M13="High",5,IF($M13="Medium",3,IF($M13="Home",4,IF($M13="Low",1,0)))) -> 4 | AD13: =IF(COUNT(Z13,AA13,AC13)=0,"",ROUND(Z13*'Scoring Guide'!$B$5+AA13*'Scoring Guide'!$B$6+AB13*'Scoring Guide'!$B$7+AC13*'Scoring Guide'!$B$8,2)) | AE13: =IF(AD13="","Not scored",IF(AD13>='Scoring Guide'!$B$11,"Tier 1 - Priority",IF(AD13>='Scoring Guide'!$B$12,"Tier 2 - Develop",IF(AD13>='Scoring Guide'!$B$13,"Tier 3 - Monitor","Tier 4 - Deprioritise")))) -> Not scored
A14: 50 | B14: Togo | C14: Africa | D14: Western Africa | E14: 9800000 | F14: =IF($E14="","",IF($E14>=100000000,"Over 100 m",IF($E14>=25000000,"25-100 m",IF($E14>=5000000,"5-25 m",IF($E14>=1000000,"1-5 m","Under 1 m"))))) -> 5-25 m | G14: 9500000000 | H14: =IF(OR($G14="",$E14="",$E14=0),"",ROUND($G14/$E14,0)) -> 969 | I14: =IF($H14="","",IF($H14>14005,"High income",IF($H14>4515,"Upper-middle",IF($H14>1145,"Lower-middle","Low income")))) -> Low income | J14: Home | K14: Source continent | L14: Home market - not diaspora; served directly by SACVIN Nigeria / AfCFTA | M14: Home | N14: No | O14: Member | P14: Signatory | Q14: AfCFTA | R14: French | Y14: =IF($C14="Africa","Manan",IF(OR($C14="Europe",$C14="South America",$C14="Oceania"),"Dev","Aditya")) -> Manan | AB14: =IF($M14="High",5,IF($M14="Medium",3,IF($M14="Home",4,IF($M14="Low",1,0)))) -> 4 | AD14: =IF(COUNT(Z14,AA14,AC14)=0,"",ROUND(Z14*'Scoring Guide'!$B$5+AA14*'Scoring Guide'!$B$6+AB14*'Scoring Guide'!$B$7+AC14*'Scoring Guide'!$B$8,2)) | AE14: =IF(AD14="","Not scored",IF(AD14>='Scoring Guide'!$B$11,"Tier 1 - Priority",IF(AD14>='Scoring Guide'!$B$12,"Tier 2 - Develop",IF(AD14>='Scoring Guide'!$B$13,"Tier 3 - Monitor","Tier 4 - Deprioritise")))) -> Not scored
A15: 33 | B15: Mauritania | C15: Africa | D15: Western Africa | E15: 5300000 | F15: =IF($E15="","",IF($E15>=100000000,"Over 100 m",IF($E15>=25000000,"25-100 m",IF($E15>=5000000,"5-25 m",IF($E15>=1000000,"1-5 m","Under 1 m"))))) -> 5-25 m | G15: 11100000000 | H15: =IF(OR($G15="",$E15="",$E15=0),"",ROUND($G15/$E15,0)) -> 2094 | I15: =IF($H15="","",IF($H15>14005,"High income",IF($H15>4515,"Upper-middle",IF($H15>1145,"Lower-middle","Low income")))) -> Lower-middle | J15: Home | K15: Source continent | L15: Home market - not diaspora; served directly by SACVIN Nigeria / AfCFTA | M15: Home | N15: No | O15: Non-member | P15: Signatory | Q15: AfCFTA | R15: Arabic / French | Y15: =IF($C15="Africa","Manan",IF(OR($C15="Europe",$C15="South America",$C15="Oceania"),"Dev","Aditya")) -> Manan | AB15: =IF($M15="High",5,IF($M15="Medium",3,IF($M15="Home",4,IF($M15="Low",1,0)))) -> 4 | AD15: =IF(COUNT(Z15,AA15,AC15)=0,"",ROUND(Z15*'Scoring Guide'!$B$5+AA15*'Scoring Guide'!$B$6+AB15*'Scoring Guide'!$B$7+AC15*'Scoring Guide'!$B$8,2)) | AE15: =IF(AD15="","Not scored",IF(AD15>='Scoring Guide'!$B$11,"Tier 1 - Priority",IF(AD15>='Scoring Guide'!$B$12,"Tier 2 - Develop",IF(AD15>='Scoring Guide'!$B$13,"Tier 3 - Monitor","Tier 4 - Deprioritise")))) -> Not scored
A16: 31 | B16: Malawi | C16: Africa | D16: Eastern Africa | E16: 22000000 | F16: =IF($E16="","",IF($E16>=100000000,"Over 100 m",IF($E16>=25000000,"25-100 m",IF($E16>=5000000,"5-25 m",IF($E16>=1000000,"1-5 m","Under 1 m"))))) -> 5-25 m | G16: 11800000000 | H16: =IF(OR($G16="",$E16="",$E16=0),"",ROUND($G16/$E16,0)) -> 536 | I16: =IF($H16="","",IF($H16>14005,"High income",IF($H16>4515,"Upper-middle",IF($H16>1145,"Lower-middle","Low income")))) -> Low income | J16: Home | K16: Source continent | L16: Home market - not diaspora; served directly by SACVIN Nigeria / AfCFTA | M16: Home | N16: Yes | O16: Non-member | P16: Signatory | Q16: AfCFTA | R16: English | Y16: =IF($C16="Africa","Manan",IF(OR($C16="Europe",$C16="South America",$C16="Oceania"),"Dev","Aditya")) -> Manan | AB16: =IF($M16="High",5,IF($M16="Medium",3,IF($M16="Home",4,IF($M16="Low",1,0)))) -> 4 | AD16: =IF(COUNT(Z16,AA16,AC16)=0,"",ROUND(Z16*'Scoring Guide'!$B$5+AA16*'Scoring Guide'!$B$6+AB16*'Scoring Guide'!$B$7+AC16*'Scoring Guide'!$B$8,2)) | AE16: =IF(AD16="","Not scored",IF(AD16>='Scoring Guide'!$B$11,"Tier 1 - Priority",IF(AD16>='Scoring Guide'!$B$12,"Tier 2 - Develop",IF(AD16>='Scoring Guide'!$B$13,"Tier 3 - Monitor","Tier 4 - Deprioritise")))) -> Not scored
A17: 45 | B17: Somalia | C17: Africa | D17: Eastern Africa | E17: 19600000 | F17: =IF($E17="","",IF($E17>=100000000,"Over 100 m",IF($E17>=25000000,"25-100 m",IF($E17>=5000000,"5-25 m",IF($E17>=1000000,"1-5 m","Under 1 m"))))) -> 5-25 m | G17: 12000000000 | H17: =IF(OR($G17="",$E17="",$E17=0),"",ROUND($G17/$E17,0)) -> 612 | I17: =IF($H17="","",IF($H17>14005,"High income",IF($H17>4515,"Upper-middle",IF($H17>1145,"Lower-middle","Low income")))) -> Low income | J17: Home | K17: Source continent | L17: Home market - not diaspora; served directly by SACVIN Nigeria / AfCFTA | M17: Home | N17: No | O17: Non-member | P17: Signatory | Q17: AfCFTA | R17: Arabic / English | Y17: =IF($C17="Africa","Manan",IF(OR($C17="Europe",$C17="South America",$C17="Oceania"),"Dev","Aditya")) -> Manan | AB17: =IF($M17="High",5,IF($M17="Medium",3,IF($M17="Home",4,IF($M17="Low",1,0)))) -> 4 | AD17: =IF(COUNT(Z17,AA17,AC17)=0,"",ROUND(Z17*'Scoring Guide'!$B$5+AA17*'Scoring Guide'!$B$6+AB17*'Scoring Guide'!$B$7+AC17*'Scoring Guide'!$B$8,2)) | AE17: =IF(AD17="","Not scored",IF(AD17>='Scoring Guide'!$B$11,"Tier 1 - Priority",IF(AD17>='Scoring Guide'!$B$12,"Tier 2 - Develop",IF(AD17>='Scoring Guide'!$B$13,"Tier 3 - Monitor","Tier 4 - Deprioritise")))) -> Not scored
A18: 10 | B18: Chad | C18: Africa | D18: Middle Africa | E18: 20300000 | F18: =IF($E18="","",IF($E18>=100000000,"Over 100 m",IF($E18>=25000000,"25-100 m",IF($E18>=5000000,"5-25 m",IF($E18>=1000000,"1-5 m","Under 1 m"))))) -> 5-25 m | G18: 13400000000 | H18: =IF(OR($G18="",$E18="",$E18=0),"",ROUND($G18/$E18,0)) -> 660 | I18: =IF($H18="","",IF($H18>14005,"High income",IF($H18>4515,"Upper-middle",IF($H18>1145,"Lower-middle","Low income")))) -> Low income | J18: Home | K18: Source continent | L18: Home market - not diaspora; served directly by SACVIN Nigeria / AfCFTA | M18: Home | N18: Yes | O18: Non-member | P18: Signatory | Q18: AfCFTA | R18: French | Y18: =IF($C18="Africa","Manan",IF(OR($C18="Europe",$C18="South America",$C18="Oceania"),"Dev","Aditya")) -> Manan | AB18: =IF($M18="High",5,IF($M18="Medium",3,IF($M18="Home",4,IF($M18="Low",1,0)))) -> 4 | AD18: =IF(COUNT(Z18,AA18,AC18)=0,"",ROUND(Z18*'Scoring Guide'!$B$5+AA18*'Scoring Guide'!$B$6+AB18*'Scoring Guide'!$B$7+AC18*'Scoring Guide'!$B$8,2)) | AE18: =IF(AD18="","Not scored",IF(AD18>='Scoring Guide'!$B$11,"Tier 1 - Priority",IF(AD18>='Scoring Guide'!$B$12,"Tier 2 - Develop",IF(AD18>='Scoring Guide'!$B$13,"Tier 3 - Monitor","Tier 4 - Deprioritise")))) -> Not scored
A19: 40 | B19: Rwanda | C19: Africa | D19: Eastern Africa | E19: 14500000 | F19: =IF($E19="","",IF($E19>=100000000,"Over 100 m",IF($E19>=25000000,"25-100 m",IF($E19>=5000000,"5-25 m",IF($E19>=1000000,"1-5 m","Under 1 m"))))) -> 5-25 m | G19: 14100000000 | H19: =IF(OR($G19="",$E19="",$E19=0),"",ROUND($G19/$E19,0)) -> 972 | I19: =IF($H19="","",IF($H19>14005,"High income",IF($H19>4515,"Upper-middle",IF($H19>1145,"Lower-middle","Low income")))) -> Low income | J19: Home | K19: Source continent | L19: Home market - not diaspora; served directly by SACVIN Nigeria / AfCFTA | M19: Home | N19: Yes | O19: Non-member | P19: Signatory | Q19: AfCFTA | R19: English | Y19: =IF($C19="Africa","Manan",IF(OR($C19="Europe",$C19="South America",$C19="Oceania"),"Dev","Aditya")) -> Manan | AB19: =IF($M19="High",5,IF($M19="Medium",3,IF($M19="Home",4,IF($M19="Low",1,0)))) -> 4 | AD19: =IF(COUNT(Z19,AA19,AC19)=0,"",ROUND(Z19*'Scoring Guide'!$B$5+AA19*'Scoring Guide'!$B$6+AB19*'Scoring Guide'!$B$7+AC19*'Scoring Guide'!$B$8,2)) | AE19: =IF(AD19="","Not scored",IF(AD19>='Scoring Guide'!$B$11,"Tier 1 - Priority",IF(AD19>='Scoring Guide'!$B$12,"Tier 2 - Develop",IF(AD19>='Scoring Guide'!$B$13,"Tier 3 - Monitor","Tier 4 - Deprioritise")))) -> Not scored
A20: 13 | B20: Congo (Republic of the) | C20: Africa | D20: Middle Africa | E20: 6400000 | F20: =IF($E20="","",IF($E20>=100000000,"Over 100 m",IF($E20>=25000000,"25-100 m",IF($E20>=5000000,"5-25 m",IF($E20>=1000000,"1-5 m","Under 1 m"))))) -> 5-25 m | G20: 15500000000 | H20: =IF(OR($G20="",$E20="",$E20=0),"",ROUND($G20/$E20,0)) -> 2422 | I20: =IF($H20="","",IF($H20>14005,"High income",IF($H20>4515,"Upper-middle",IF($H20>1145,"Lower-middle","Low income")))) -> Lower-middle | J20: Home | K20: Source continent | L20: Home market - not diaspora; served directly by SACVIN Nigeria / AfCFTA | M20: Home | N20: No | O20: Non-member | P20: Signatory | Q20: AfCFTA | R20: French | Y20: =IF($C20="Africa","Manan",IF(OR($C20="Europe",$C20="South America",$C20="Oceania"),"Dev","Aditya")) -> Manan | AB20: =IF($M20="High",5,IF($M20="Medium",3,IF($M20="Home",4,IF($M20="Low",1,0)))) -> 4 | AD20: =IF(COUNT(Z20,AA20,AC20)=0,"",ROUND(Z20*'Scoring Guide'!$B$5+AA20*'Scoring Guide'!$B$6+AB20*'Scoring Guide'!$B$7+AC20*'Scoring Guide'!$B$8,2)) | AE20: =IF(AD20="","Not scored",IF(AD20>='Scoring Guide'!$B$11,"Tier 1 - Priority",IF(AD20>='Scoring Guide'!$B$12,"Tier 2 - Develop",IF(AD20>='Scoring Guide'!$B$13,"Tier 3 - Monitor","Tier 4 - Deprioritise")))) -> Not scored
... A56: 55 | B56: Afghanistan | C56: Asia | D56: Southern Asia | E56: 43800000 | F56: =IF($E56="","",IF($E56>=100000000,"Over 100 m",IF($E56>=25000000,"25-100 m",IF($E56>=5000000,"5-25 m",IF($E56>=1000000,"1-5 m","Under 1 m"))))) -> 25-100 m | G56: 17200000000 | H56: =IF(OR($G56="",$E56="",$E56=0),"",ROUND($G56/$E56,0)) -> 393 | I56: =IF($H56="","",IF($H56>14005,"High income",IF($H56>4515,"Upper-middle",IF($H56>1145,"Lower-middle","Low income")))) -> Low income | J56: No | K56: Negligible | L56: No significant African-descent population | M56: Low | N56: Yes | O56: Not applicable | P56: Not applicable | Q56: SAARC | R56: Persian | Y56: =IF($C56="Africa","Manan",IF(OR($C56="Europe",$C56="South America",$C56="Oceania"),"Dev","Aditya")) -> Aditya | AB56: =IF($M56="High",5,IF($M56="Medium",3,IF($M56="Home",4,IF($M56="Low",1,0)))) -> 1 | AD56: =IF(COUNT(Z56,AA56,AC56)=0,"",ROUND(Z56*'Scoring Guide'!$B$5+AA56*'Scoring Guide'!$B$6+AB56*'Scoring Guide'!$B$7+AC56*'Scoring Guide'!$B$8,2)) | AE56: =IF(AD56="","Not scored",IF(AD56>='Scoring Guide'!$B$11,"Tier 1 - Priority",IF(AD56>='Scoring Guide'!$B$12,"Tier 2 - Develop",IF(AD56>='Scoring Guide'!$B$13,"Tier 3 - Monitor","Tier 4 - Deprioritise")))) -> Not scored
A57: 56 | B57: Armenia | C57: Asia | D57: Western Asia / Middle East | E57: 3000000 | F57: =IF($E57="","",IF($E57>=100000000,"Over 100 m",IF($E57>=25000000,"25-100 m",IF($E57>=5000000,"5-25 m",IF($E57>=1000000,"1-5 m","Under 1 m"))))) -> 1-5 m | G57: 25400000000 | H57: =IF(OR($G57="",$E57="",$E57=0),"",ROUND($G57/$E57,0)) -> 8467 | I57: =IF($H57="","",IF($H57>14005,"High income",IF($H57>4515,"Upper-middle",IF($H57>1145,"Lower-middle","Low income")))) -> Upper-middle | J57: No | K57: Negligible | L57: No significant African-descent population | M57: Low | N57: Yes | O57: Not applicable | P57: Not applicable | Q57: EAEU | R57: Russian | S57: Geographically in Asia; politically often grouped with Europe | Y57: =IF($C57="Africa","Manan",IF(OR($C57="Europe",$C57="South America",$C57="Oceania"),"Dev","Aditya")) -> Aditya | AB57: =IF($M57="High",5,IF($M57="Medium",3,IF($M57="Home",4,IF($M57="Low",1,0)))) -> 1 | AD57: =IF(COUNT(Z57,AA57,AC57)=0,"",ROUND(Z57*'Scoring Guide'!$B$5+AA57*'Scoring Guide'!$B$6+AB57*'Scoring Guide'!$B$7+AC57*'Scoring Guide'!$B$8,2)) | AE57: =IF(AD57="","Not scored",IF(AD57>='Scoring Guide'!$B$11,"Tier 1 - Priority",IF(AD57>='Scoring Guide'!$B$12,"Tier 2 - Develop",IF(AD57>='Scoring Guide'!$B$13,"Tier 3 - Monitor","Tier 4 - Deprioritise")))) -> Not scored
A58: 57 | B58: Azerbaijan | C58: Asia | D58: Western Asia / Middle East | E58: 10400000 | F58: =IF($E58="","",IF($E58>=100000000,"Over 100 m",IF($E58>=25000000,"25-100 m",IF($E58>=5000000,"5-25 m",IF($E58>=1000000,"1-5 m","Under 1 m"))))) -> 5-25 m | G58: 75600000000 | H58: =IF(OR($G58="",$E58="",$E58=0),"",ROUND($G58/$E58,0)) -> 7269 | I58: =IF($H58="","",IF($H58>14005,"High income",IF($H58>4515,"Upper-middle",IF($H58>1145,"Lower-middle","Low income")))) -> Upper-middle | J58: No | K58: Negligible | L58: No significant African-descent population | M58: Low | N58: Yes | O58: Not applicable | P58: Not applicable | Q58: No major bloc / MFN | R58: Russian | S58: Transcontinental - sometimes grouped with Europe | Y58: =IF($C58="Africa","Manan",IF(OR($C58="Europe",$C58="South America",$C58="Oceania"),"Dev","Aditya")) -> Aditya | AB58: =IF($M58="High",5,IF($M58="Medium",3,IF($M58="Home",4,IF($M58="Low",1,0)))) -> 1 | AD58: =IF(COUNT(Z58,AA58,AC58)=0,"",ROUND(Z58*'Scoring Guide'!$B$5+AA58*'Scoring Guide'!$B$6+AB58*'Scoring Guide'!$B$7+AC58*'Scoring Guide'!$B$8,2)) | AE58: =IF(AD58="","Not scored",IF(AD58>='Scoring Guide'!$B$11,"Tier 1 - Priority",IF(AD58>='Scoring Guide'!$B$12,"Tier 2 - Develop",IF(AD58>='Scoring Guide'!$B$13,"Tier 3 - Monitor","Tier 4 - Deprioritise")))) -> Not scored
A59: 58 | B59: Bahrain | C59: Asia | D59: Western Asia / Middle East | E59: 1650000 | F59: =IF($E59="","",IF($E59>=100000000,"Over 100 m",IF($E59>=25000000,"25-100 m",IF($E59>=5000000,"5-25 m",IF($E59>=1000000,"1-5 m","Under 1 m"))))) -> 1-5 m | G59: 47800000000 | H59: =IF(OR($G59="",$E59="",$E59=0),"",ROUND($G59/$E59,0)) -> 28970 | I59: =IF($H59="","",IF($H59>14005,"High income",IF($H59>4515,"Upper-middle",IF($H59>1145,"Lower-middle","Low income")))) -> High income | J59: Yes | K59: ~50,000 | L59: Historic Afro-Arab plus labour migration | M59: Low | N59: No | O59: Not applicable | P59: Not applicable | Q59: GCC Customs Union | R59: Arabic / English | Y59: =IF($C59="Africa","Manan",IF(OR($C59="Europe",$C59="South America",$C59="Oceania"),"Dev","Aditya")) -> Aditya | AB59: =IF($M59="High",5,IF($M59="Medium",3,IF($M59="Home",4,IF($M59="Low",1,0)))) -> 1 | AD59: =IF(COUNT(Z59,AA59,AC59)=0,"",ROUND(Z59*'Scoring Guide'!$B$5+AA59*'Scoring Guide'!$B$6+AB59*'Scoring Guide'!$B$7+AC59*'Scoring Guide'!$B$8,2)) | AE59: =IF(AD59="","Not scored",IF(AD59>='Scoring Guide'!$B$11,"Tier 1 - Priority",IF(AD59>='Scoring Guide'!$B$12,"Tier 2 - Develop",IF(AD59>='Scoring Guide'!$B$13,"Tier 3 - Monitor","Tier 4 - Deprioritise")))) -> Not scored
A60: 59 | B60: Bangladesh | C60: Asia | D60: Southern Asia | E60: 175700000 | F60: =IF($E60="","",IF($E60>=100000000,"Over 100 m",IF($E60>=25000000,"25-100 m",IF($E60>=5000000,"5-25 m",IF($E60>=1000000,"1-5 m","Under 1 m"))))) -> Over 100 m | G60: 451000000000 | H60: =IF(OR($G60="",$E60="",$E60=0),"",ROUND($G60/$E60,0)) -> 2567 | I60: =IF($H60="","",IF($H60>14005,"High income",IF($H60>4515,"Upper-middle",IF($H60>1145,"Lower-middle","Low income")))) -> Lower-middle | J60: No | K60: Negligible | L60: No significant African-descent population | M60: Low | N60: No | O60: Not applicable | P60: Not applicable | Q60: SAARC | R60: English | Y60: =IF($C60="Africa","Manan",IF(OR($C60="Europe",$C60="South America",$C60="Oceania"),"Dev","Aditya")) -> Aditya | AB60: =IF($M60="High",5,IF($M60="Medium",3,IF($M60="Home",4,IF($M60="Low",1,0)))) -> 1 | AD60: =IF(COUNT(Z60,AA60,AC60)=0,"",ROUND(Z60*'Scoring Guide'!$B$5+AA60*'Scoring Guide'!$B$6+AB60*'Scoring Guide'!$B$7+AC60*'Scoring Guide'!$B$8,2)) | AE60: =IF(AD60="","Not scored",IF(AD60>='Scoring Guide'!$B$11,"Tier 1 - Priority",IF(AD60>='Scoring Guide'!$B$12,"Tier 2 - Develop",IF(AD60>='Scoring Guide'!$B$13,"Tier 3 - Monitor","Tier 4 - Deprioritise")))) -> Not scored
A61: 60 | B61: Bhutan | C61: Asia | D61: Southern Asia | E61: 800000 | F61: =IF($E61="","",IF($E61>=100000000,"Over 100 m",IF($E61>=25000000,"25-100 m",IF($E61>=5000000,"5-25 m",IF($E61>=1000000,"1-5 m","Under 1 m"))))) -> Under 1 m | G61: 3100000000 | H61: =IF(OR($G61="",$E61="",$E61=0),"",ROUND($G61/$E61,0)) -> 3875 | I61: =IF($H61="","",IF($H61>14005,"High income",IF($H61>4515,"Upper-middle",IF($H61>1145,"Lower-middle","Low income")))) -> Lower-middle | J61: No | K61: Negligible | L61: No significant African-descent population | M61: Low | N61: Yes | O61: Not applicable | P61: Not applicable | Q61: SAARC | R61: English | Y61: =IF($C61="Africa","Manan",IF(OR($C61="Europe",$C61="South America",$C61="Oceania"),"Dev","Aditya")) -> Aditya | AB61: =IF($M61="High",5,IF($M61="Medium",3,IF($M61="Home",4,IF($M61="Low",1,0)))) -> 1 | AD61: =IF(COUNT(Z61,AA61,AC61)=0,"",ROUND(Z61*'Scoring Guide'!$B$5+AA61*'Scoring Guide'!$B$6+AB61*'Scoring Guide'!$B$7+AC61*'Scoring Guide'!$B$8,2)) | AE61: =IF(AD61="","Not scored",IF(AD61>='Scoring Guide'!$B$11,"Tier 1 - Priority",IF(AD61>='Scoring Guide'!$B$12,"Tier 2 - Develop",IF(AD61>='Scoring Guide'!$B$13,"Tier 3 - Monitor","Tier 4 - Deprioritise")))) -> Not scored
A62: 61 | B62: Brunei | C62: Asia | D62: South-Eastern Asia | E62: 460000 | F62: =IF($E62="","",IF($E62>=100000000,"Over 100 m",IF($E62>=25000000,"25-100 m",IF($E62>=5000000,"5-25 m",IF($E62>=1000000,"1-5 m","Under 1 m"))))) -> Under 1 m | G62: 15500000000 | H62: =IF(OR($G62="",$E62="",$E62=0),"",ROUND($G62/$E62,0)) -> 33696 | I62: =IF($H62="","",IF($H62>14005,"High income",IF($H62>4515,"Upper-middle",IF($H62>1145,"Lower-middle","Low income")))) -> High income | J62: No | K62: Negligible | L62: No significant African-descent population | M62: Low | N62: No | O62: Not applicable | P62: Not applicable | Q62: ASEAN | R62: Malay / English | Y62: =IF($C62="Africa","Manan",IF(OR($C62="Europe",$C62="South America",$C62="Oceania"),"Dev","Aditya")) -> Aditya | AB62: =IF($M62="High",5,IF($M62="Medium",3,IF($M62="Home",4,IF($M62="Low",1,0)))) -> 1 | AD62: =IF(COUNT(Z62,AA62,AC62)=0,"",ROUND(Z62*'Scoring Guide'!$B$5+AA62*'Scoring Guide'!$B$6+AB62*'Scoring Guide'!$B$7+AC62*'Scoring Guide'!$B$8,2)) | AE62: =IF(AD62="","Not scored",IF(AD62>='Scoring Guide'!$B$11,"Tier 1 - Priority",IF(AD62>='Scoring Guide'!$B$12,"Tier 2 - Develop",IF(AD62>='Scoring Guide'!$B$13,"Tier 3 - Monitor","Tier 4 - Deprioritise")))) -> Not scored
A63: 62 | B63: Cambodia | C63: Asia | D63: South-Eastern Asia | E63: 17800000 | F63: =IF($E63="","",IF($E63>=100000000,"Over 100 m",IF($E63>=25000000,"25-100 m",IF($E63>=5000000,"5-25 m",IF($E63>=1000000,"1-5 m","Under 1 m"))))) -> 5-25 m | G63: 47100000000 | H63: =IF(OR($G63="",$E63="",$E63=0),"",ROUND($G63/$E63,0)) -> 2646 | I63: =IF($H63="","",IF($H63>14005,"High income",IF($H63>4515,"Upper-middle",IF($H63>1145,"Lower-middle","Low income")))) -> Lower-middle | J63: No | K63: Negligible | L63: No significant African-descent population | M63: Low | N63: No | O63: Not applicable | P63: Not applicable | Q63: ASEAN | R63: English | Y63: =IF($C63="Africa","Manan",IF(OR($C63="Europe",$C63="South America",$C63="Oceania"),"Dev","Aditya")) -> Aditya | AB63: =IF($M63="High",5,IF($M63="Medium",3,IF($M63="Home",4,IF($M63="Low",1,0)))) -> 1 | AD63: =IF(COUNT(Z63,AA63,AC63)=0,"",ROUND(Z63*'Scoring Guide'!$B$5+AA63*'Scoring Guide'!$B$6+AB63*'Scoring Guide'!$B$7+AC63*'Scoring Guide'!$B$8,2)) | AE63: =IF(AD63="","Not scored",IF(AD63>='Scoring Guide'!$B$11,"Tier 1 - Priority",IF(AD63>='Scoring Guide'!$B$12,"Tier 2 - Develop",IF(AD63>='Scoring Guide'!$B$13,"Tier 3 - Monitor","Tier 4 - Deprioritise")))) -> Not scored
A64: 63 | B64: China | C64: Asia | D64: Eastern Asia | E64: 1416000000 | F64: =IF($E64="","",IF($E64>=100000000,"Over 100 m",IF($E64>=25000000,"25-100 m",IF($E64>=5000000,"5-25 m",IF($E64>=1000000,"1-5 m","Under 1 m"))))) -> Over 100 m | G64: 18750000000000 | H64: =IF(OR($G64="",$E64="",$E64=0),"",ROUND($G64/$E64,0)) -> 13242 | I64: =IF($H64="","",IF($H64>14005,"High income",IF($H64>4515,"Upper-middle",IF($H64>1145,"Lower-middle","Low income")))) -> Upper-middle | J64: Yes | K64: ~50,000 | L64: Guangzhou African trader hub - sourcing counterparty more than consumer market | M64: Medium | N64: No | O64: Not applicable | P64: Not applicable | Q64: No major bloc / MFN | R64: Mandarin / English | Y64: =IF($C64="Africa","Manan",IF(OR($C64="Europe",$C64="South America",$C64="Oceania"),"Dev","Aditya")) -> Aditya | AB64: =IF($M64="High",5,IF($M64="Medium",3,IF($M64="Home",4,IF($M64="Low",1,0)))) -> 3 | AD64: =IF(COUNT(Z64,AA64,AC64)=0,"",ROUND(Z64*'Scoring Guide'!$B$5+AA64*'Scoring Guide'!$B$6+AB64*'Scoring Guide'!$B$7+AC64*'Scoring Guide'!$B$8,2)) | AE64: =IF(AD64="","Not scored",IF(AD64>='Scoring Guide'!$B$11,"Tier 1 - Priority",IF(AD64>='Scoring Guide'!$B$12,"Tier 2 - Develop",IF(AD64>='Scoring Guide'!$B$13,"Tier 3 - Monitor","Tier 4 - Deprioritise")))) -> Not scored
A65: 64 | B65: Cyprus | C65: Asia | D65: Western Asia / Middle East | E65: 1370000 | F65: =IF($E65="","",IF($E65>=100000000,"Over 100 m",IF($E65>=25000000,"25-100 m",IF($E65>=5000000,"5-25 m",IF($E65>=1000000,"1-5 m","Under 1 m"))))) -> 1-5 m | G65: 34800000000 | H65: =IF(OR($G65="",$E65="",$E65=0),"",ROUND($G65/$E65,0)) -> 25401 | I65: =IF($H65="","",IF($H65>14005,"High income",IF($H65>4515,"Upper-middle",IF($H65>1145,"Lower-middle","Low income")))) -> High income | J65: No | K65: Negligible | L65: No significant African-descent population | M65: Low | N65: No | O65: Not applicable | P65: Not applicable | Q65: EU Single Market | R65: Greek | S65: Geographically in Asia; politically an EU member, often grouped with Europe | Y65: =IF($C65="Africa","Manan",IF(OR($C65="Europe",$C65="South America",$C65="Oceania"),"Dev","Aditya")) -> Aditya | AB65: =IF($M65="High",5,IF($M65="Medium",3,IF($M65="Home",4,IF($M65="Low",1,0)))) -> 1 | AD65: =IF(COUNT(Z65,AA65,AC65)=0,"",ROUND(Z65*'Scoring Guide'!$B$5+AA65*'Scoring Guide'!$B$6+AB65*'Scoring Guide'!$B$7+AC65*'Scoring Guide'!$B$8,2)) | AE65: =IF(AD65="","Not scored",IF(AD65>='Scoring Guide'!$B$11,"Tier 1 - Priority",IF(AD65>='Scoring Guide'!$B$12,"Tier 2 - Develop",IF(AD65>='Scoring Guide'!$B$13,"Tier 3 - Monitor","Tier 4 - Deprioritise")))) -> Not scored
A66: 65 | B66: Georgia | C66: Asia | D66: Western Asia / Middle East | E66: 3800000 | F66: =IF($E66="","",IF($E66>=100000000,"Over 100 m",IF($E66>=25000000,"25-100 m",IF($E66>=5000000,"5-25 m",IF($E66>=1000000,"1-5 m","Under 1 m"))))) -> 1-5 m | G66: 33000000000 | H66: =IF(OR($G66="",$E66="",$E66=0),"",ROUND($G66/$E66,0)) -> 8684 | I66: =IF($H66="","",IF($H66>14005,"High income",IF($H66>4515,"Upper-middle",IF($H66>1145,"Lower-middle","Low income")))) -> Upper-middle | J66: No | K66: Negligible | L66: No significant African-descent population | M66: Low | N66: No | O66: Not applicable | P66: Not applicable | Q66: No major bloc / MFN | R66: Russian | S66: Transcontinental - sometimes grouped with Europe | Y66: =IF($C66="Africa","Manan",IF(OR($C66="Europe",$C66="South America",$C66="Oceania"),"Dev","Aditya")) -> Aditya | AB66: =IF($M66="High",5,IF($M66="Medium",3,IF($M66="Home",4,IF($M66="Low",1,0)))) -> 1 | AD66: =IF(COUNT(Z66,AA66,AC66)=0,"",ROUND(Z66*'Scoring Guide'!$B$5+AA66*'Scoring Guide'!$B$6+AB66*'Scoring Guide'!$B$7+AC66*'Scoring Guide'!$B$8,2)) | AE66: =IF(AD66="","Not scored",IF(AD66>='Scoring Guide'!$B$11,"Tier 1 - Priority",IF(AD66>='Scoring Guide'!$B$12,"Tier 2 - Develop",IF(AD66>='Scoring Guide'!$B$13,"Tier 3 - Monitor","Tier 4 - Deprioritise")))) -> Not scored
A67: 66 | B67: India | C67: Asia | D67: Southern Asia | E67: 1463000000 | F67: =IF($E67="","",IF($E67>=100000000,"Over 100 m",IF($E67>=25000000,"25-100 m",IF($E67>=5000000,"5-25 m",IF($E67>=1000000,"1-5 m","Under 1 m"))))) -> Over 100 m | G67: 3910000000000 | H67: =IF(OR($G67="",$E67="",$E67=0),"",ROUND($G67/$E67,0)) -> 2673 | I67: =IF($H67="","",IF($H67>14005,"High income",IF($H67>4515,"Upper-middle",IF($H67>1145,"Lower-middle","Low income")))) -> Lower-middle | J67: Yes | K67: ~70,000 Siddi + students/traders | L67: Siddi community plus African students and traders | M67: Low | N67: No | O67: Not applicable | P67: Not applicable | Q67: SAARC | R67: English | Y67: =IF($C67="Africa","Manan",IF(OR($C67="Europe",$C67="South America",$C67="Oceania"),"Dev","Aditya")) -> Aditya | AB67: =IF($M67="High",5,IF($M67="Medium",3,IF($M67="Home",4,IF($M67="Low",1,0)))) -> 1 | AD67: =IF(COUNT(Z67,AA67,AC67)=0,"",ROUND(Z67*'Scoring Guide'!$B$5+AA67*'Scoring Guide'!$B$6+AB67*'Scoring Guide'!$B$7+AC67*'Scoring Guide'!$B$8,2)) | AE67: =IF(AD67="","Not scored",IF(AD67>='Scoring Guide'!$B$11,"Tier 1 - Priority",IF(AD67>='Scoring Guide'!$B$12,"Tier 2 - Develop",IF(AD67>='Scoring Guide'!$B$13,"Tier 3 - Monitor","Tier 4 - Deprioritise")))) -> Not scored
A68: 67 | B68: Indonesia | C68: Asia | D68: South-Eastern Asia | E68: 286000000 | F68: =IF($E68="","",IF($E68>=100000000,"Over 100 m",IF($E68>=25000000,"25-100 m",IF($E68>=5000000,"5-25 m",IF($E68>=1000000,"1-5 m","Under 1 m"))))) -> Over 100 m | G68: 1400000000000 | H68: =IF(OR($G68="",$E68="",$E68=0),"",ROUND($G68/$E68,0)) -> 4895 | I68: =IF($H68="","",IF($H68>14005,"High income",IF($H68>4515,"Upper-middle",IF($H68>1145,"Lower-middle","Low income")))) -> Upper-middle | J68: No | K68: Negligible | L68: No significant African-descent population | M68: Low | N68: No | O68: Not applicable | P68: Not applicable | Q68: ASEAN | R68: Bahasa Indonesia | Y68: =IF($C68="Africa","Manan",IF(OR($C68="Europe",$C68="South America",$C68="Oceania"),"Dev","Aditya")) -> Aditya | AB68: =IF($M68="High",5,IF($M68="Medium",3,IF($M68="Home",4,IF($M68="Low",1,0)))) -> 1 | AD68: =IF(COUNT(Z68,AA68,AC68)=0,"",ROUND(Z68*'Scoring Guide'!$B$5+AA68*'Scoring Guide'!$B$6+AB68*'Scoring Guide'!$B$7+AC68*'Scoring Guide'!$B$8,2)) | AE68: =IF(AD68="","Not scored",IF(AD68>='Scoring Guide'!$B$11,"Tier 1 - Priority",IF(AD68>='Scoring Guide'!$B$12,"Tier 2 - Develop",IF(AD68>='Scoring Guide'!$B$13,"Tier 3 - Monitor","Tier 4 - Deprioritise")))) -> Not scored
A69: 68 | B69: Iran | C69: Asia | D69: Southern Asia | E69: 92400000 | F69: =IF($E69="","",IF($E69>=100000000,"Over 100 m",IF($E69>=25000000,"25-100 m",IF($E69>=5000000,"5-25 m",IF($E69>=1000000,"1-5 m","Under 1 m"))))) -> 25-100 m | G69: 434000000000 | H69: =IF(OR($G69="",$E69="",$E69=0),"",ROUND($G69/$E69,0)) -> 4697 | I69: =IF($H69="","",IF($H69>14005,"High income",IF($H69>4515,"Upper-middle",IF($H69>1145,"Lower-middle","Low income")))) -> Upper-middle | J69: Yes | K69: ~0.1 m | L69: Afro-Iranian community (southern coast) | M69: Low | N69: No | O69: Not applicable | P69: Not applicable | Q69: No major bloc / MFN | R69: Persian | Y69: =IF($C69="Africa","Manan",IF(OR($C69="Europe",$C69="South America",$C69="Oceania"),"Dev","Aditya")) -> Aditya | AB69: =IF($M69="High",5,IF($M69="Medium",3,IF($M69="Home",4,IF($M69="Low",1,0)))) -> 1 | AD69: =IF(COUNT(Z69,AA69,AC69)=0,"",ROUND(Z69*'Scoring Guide'!$B$5+AA69*'Scoring Guide'!$B$6+AB69*'Scoring Guide'!$B$7+AC69*'Scoring Guide'!$B$8,2)) | AE69: =IF(AD69="","Not scored",IF(AD69>='Scoring Guide'!$B$11,"Tier 1 - Priority",IF(AD69>='Scoring Guide'!$B$12,"Tier 2 - Develop",IF(AD69>='Scoring Guide'!$B$13,"Tier 3 - Monitor","Tier 4 - Deprioritise")))) -> Not scored
A70: 69 | B70: Iraq | C70: Asia | D70: Western Asia / Middle East | E70: 47000000 | F70: =IF($E70="","",IF($E70>=100000000,"Over 100 m",IF($E70>=25000000,"25-100 m",IF($E70>=5000000,"5-25 m",IF($E70>=1000000,"1-5 m","Under 1 m"))))) -> 25-100 m | G70: 264000000000 | H70: =IF(OR($G70="",$E70="",$E70=0),"",ROUND($G70/$E70,0)) -> 5617 | I70: =IF($H70="","",IF($H70>14005,"High income",IF($H70>4515,"Upper-middle",IF($H70>1145,"Lower-middle","Low income")))) -> Upper-middle | J70: Yes | K70: ~0.25 m | L70: Afro-Iraqi community (Basra region) | M70: Low | N70: No | O70: Not applicable | P70: Not applicable | Q70: No major bloc / MFN | R70: Arabic / English | Y70: =IF($C70="Africa","Manan",IF(OR($C70="Europe",$C70="South America",$C70="Oceania"),"Dev","Aditya")) -> Aditya | AB70: =IF($M70="High",5,IF($M70="Medium",3,IF($M70="Home",4,IF($M70="Low",1,0)))) -> 1 | AD70: =IF(COUNT(Z70,AA70,AC70)=0,"",ROUND(Z70*'Scoring Guide'!$B$5+AA70*'Scoring Guide'!$B$6+AB70*'Scoring Guide'!$B$7+AC70*'Scoring Guide'!$B$8,2)) | AE70: =IF(AD70="","Not scored",IF(AD70>='Scoring Guide'!$B$11,"Tier 1 - Priority",IF(AD70>='Scoring Guide'!$B$12,"Tier 2 - Develop",IF(AD70>='Scoring Guide'!$B$13,"Tier 3 - Monitor","Tier 4 - Deprioritise")))) -> Not scored
A71: 70 | B71: Israel | C71: Asia | D71: Western Asia / Middle East | E71: 9800000 | F71: =IF($E71="","",IF($E71>=100000000,"Over 100 m",IF($E71>=25000000,"25-100 m",IF($E71>=5000000,"5-25 m",IF($E71>=1000000,"1-5 m","Under 1 m"))))) -> 5-25 m | G71: 530000000000 | H71: =IF(OR($G71="",$E71="",$E71=0),"",ROUND($G71/$E71,0)) -> 54082 | I71: =IF($H71="","",IF($H71>14005,"High income",IF($H71>4515,"Upper-middle",IF($H71>1145,"Lower-middle","Low income")))) -> High income | J71: Yes | K71: ~0.16 m | L71: Ethiopian-Israeli community plus asylum seekers | M71: Low | N71: No | O71: Not applicable | P71: Not applicable | Q71: No major bloc / MFN | R71: Hebrew / English | Y71: =IF($C71="Africa","Manan",IF(OR($C71="Europe",$C71="South America",$C71="Oceania"),"Dev","Aditya")) -> Aditya | AB71: =IF($M71="High",5,IF($M71="Medium",3,IF($M71="Home",4,IF($M71="Low",1,0)))) -> 1 | AD71: =IF(COUNT(Z71,AA71,AC71)=0,"",ROUND(Z71*'Scoring Guide'!$B$5+AA71*'Scoring Guide'!$B$6+AB71*'Scoring Guide'!$B$7+AC71*'Scoring Guide'!$B$8,2)) | AE71: =IF(AD71="","Not scored",IF(AD71>='Scoring Guide'!$B$11,"Tier 1 - Priority",IF(AD71>='Scoring Guide'!$B$12,"Tier 2 - Develop",IF(AD71>='Scoring Guide'!$B$13,"Tier 3 - Monitor","Tier 4 - Deprioritise")))) -> Not scored
A72: 71 | B72: Japan | C72: Asia | D72: Eastern Asia | E72: 123100000 | F72: =IF($E72="","",IF($E72>=100000000,"Over 100 m",IF($E72>=25000000,"25-100 m",IF($E72>=5000000,"5-25 m",IF($E72>=1000000,"1-5 m","Under 1 m"))))) -> Over 100 m | G72: 4070000000000 | H72: =IF(OR($G72="",$E72="",$E72=0),"",ROUND($G72/$E72,0)) -> 33063 | I72: =IF($H72="","",IF($H72>14005,"High income",IF($H72>4515,"Upper-middle",IF($H72>1145,"Lower-middle","Low income")))) -> High income | J72: Yes | K72: ~20,000 | L72: Small African community | M72: Low | N72: No | O72: Not applicable | P72: Not applicable | Q72: No major bloc / MFN | R72: Japanese | Y72: =IF($C72="Africa","Manan",IF(OR($C72="Europe",$C72="South America",$C72="Oceania"),"Dev","Aditya")) -> Aditya | AB72: =IF($M72="High",5,IF($M72="Medium",3,IF($M72="Home",4,IF($M72="Low",1,0)))) -> 1 | AD72: =IF(COUNT(Z72,AA72,AC72)=0,"",ROUND(Z72*'Scoring Guide'!$B$5+AA72*'Scoring Guide'!$B$6+AB72*'Scoring Guide'!$B$7+AC72*'Scoring Guide'!$B$8,2)) | AE72: =IF(AD72="","Not scored",IF(AD72>='Scoring Guide'!$B$11,"Tier 1 - Priority",IF(AD72>='Scoring Guide'!$B$12,"Tier 2 - Develop",IF(AD72>='Scoring Guide'!$B$13,"Tier 3 - Monitor","Tier 4 - Deprioritise")))) -> Not scored
A73: 72 | B73: Jordan | C73: Asia | D73: Western Asia / Middle East | E73: 11600000 | F73: =IF($E73="","",IF($E73>=100000000,"Over 100 m",IF($E73>=25000000,"25-100 m",IF($E73>=5000000,"5-25 m",IF($E73>=1000000,"1-5 m","Under 1 m"))))) -> 5-25 m | G73: 53300000000 | H73: =IF(OR($G73="",$E73="",$E73=0),"",ROUND($G73/$E73,0)) -> 4595 | I73: =IF($H73="","",IF($H73>14005,"High income",IF($H73>4515,"Upper-middle",IF($H73>1145,"Lower-middle","Low income")))) -> Upper-middle | J73: Yes | K73: ~50,000 | L73: African migrant workers | M73: Low | N73: No | O73: Not applicable | P73: Not applicable | Q73: No major bloc / MFN | R73: Arabic / English | Y73: =IF($C73="Africa","Manan",IF(OR($C73="Europe",$C73="South America",$C73="Oceania"),"Dev","Aditya")) -> Aditya | AB73: =IF($M73="High",5,IF($M73="Medium",3,IF($M73="Home",4,IF($M73="Low",1,0)))) -> 1 | AD73: =IF(COUNT(Z73,AA73,AC73)=0,"",ROUND(Z73*'Scoring Guide'!$B$5+AA73*'Scoring Guide'!$B$6+AB73*'Scoring Guide'!$B$7+AC73*'Scoring Guide'!$B$8,2)) | AE73: =IF(AD73="","Not scored",IF(AD73>='Scoring Guide'!$B$11,"Tier 1 - Priority",IF(AD73>='Scoring Guide'!$B$12,"Tier 2 - Develop",IF(AD73>='Scoring Guide'!$B$13,"Tier 3 - Monitor","Tier 4 - Deprioritise")))) -> Not scored
A74: 73 | B74: Kazakhstan | C74: Asia | D74: Central Asia | E74: 20600000 | F74: =IF($E74="","",IF($E74>=100000000,"Over 100 m",IF($E74>=25000000,"25-100 m",IF($E74>=5000000,"5-25 m",IF($E74>=1000000,"1-5 m","Under 1 m"))))) -> 5-25 m | G74: 292000000000 | H74: =IF(OR($G74="",$E74="",$E74=0),"",ROUND($G74/$E74,0)) -> 14175 | I74: =IF($H74="","",IF($H74>14005,"High income",IF($H74>4515,"Upper-middle",IF($H74>1145,"Lower-middle","Low income")))) -> High income | J74: No | K74: Negligible | L74: No significant African-descent population | M74: Low | N74: Yes | O74: Not applicable | P74: Not applicable | Q74: EAEU | R74: Russian | S74: Transcontinental - western portion lies in Europe | Y74: =IF($C74="Africa","Manan",IF(OR($C74="Europe",$C74="South America",$C74="Oceania"),"Dev","Aditya")) -> Aditya | AB74: =IF($M74="High",5,IF($M74="Medium",3,IF($M74="Home",4,IF($M74="Low",1,0)))) -> 1 | AD74: =IF(COUNT(Z74,AA74,AC74)=0,"",ROUND(Z74*'Scoring Guide'!$B$5+AA74*'Scoring Guide'!$B$6+AB74*'Scoring Guide'!$B$7+AC74*'Scoring Guide'!$B$8,2)) | AE74: =IF(AD74="","Not scored",IF(AD74>='Scoring Guide'!$B$11,"Tier 1 - Priority",IF(AD74>='Scoring Guide'!$B$12,"Tier 2 - Develop",IF(AD74>='Scoring Guide'!$B$13,"Tier 3 - Monitor","Tier 4 - Deprioritise")))) -> Not scored
A75: 74 | B75: Kuwait | C75: Asia | D75: Western Asia / Middle East | E75: 5000000 | F75: =IF($E75="","",IF($E75>=100000000,"Over 100 m",IF($E75>=25000000,"25-100 m",IF($E75>=5000000,"5-25 m",IF($E75>=1000000,"1-5 m","Under 1 m"))))) -> 5-25 m | G75: 162000000000 | H75: =IF(OR($G75="",$E75="",$E75=0),"",ROUND($G75/$E75,0)) -> 32400 | I75: =IF($H75="","",IF($H75>14005,"High income",IF($H75>4515,"Upper-middle",IF($H75>1145,"Lower-middle","Low income")))) -> High income | J75: Yes | K75: ~0.1 m | L75: African labour migration | M75: Low | N75: No | O75: Not applicable | P75: Not applicable | Q75: GCC Customs Union | R75: Arabic / English | Y75: =IF($C75="Africa","Manan",IF(OR($C75="Europe",$C75="South America",$C75="Oceania"),"Dev","Aditya")) -> Aditya | AB75: =IF($M75="High",5,IF($M75="Medium",3,IF($M75="Home",4,IF($M75="Low",1,0)))) -> 1 | AD75: =IF(COUNT(Z75,AA75,AC75)=0,"",ROUND(Z75*'Scoring Guide'!$B$5+AA75*'Scoring Guide'!$B$6+AB75*'Scoring Guide'!$B$7+AC75*'Scoring Guide'!$B$8,2)) | AE75: =IF(AD75="","Not scored",IF(AD75>='Scoring Guide'!$B$11,"Tier 1 - Priority",IF(AD75>='Scoring Guide'!$B$12,"Tier 2 - Develop",IF(AD75>='Scoring Guide'!$B$13,"Tier 3 - Monitor","Tier 4 - Deprioritise")))) -> Not scored
A76: 75 | B76: Kyrgyzstan | C76: Asia | D76: Central Asia | E76: 7300000 | F76: =IF($E76="","",IF($E76>=100000000,"Over 100 m",IF($E76>=25000000,"25-100 m",IF($E76>=5000000,"5-25 m",IF($E76>=1000000,"1-5 m","Under 1 m"))))) -> 5-25 m | G76: 15000000000 | H76: =IF(OR($G76="",$E76="",$E76=0),"",ROUND($G76/$E76,0)) -> 2055 | I76: =IF($H76="","",IF($H76>14005,"High income",IF($H76>4515,"Upper-middle",IF($H76>1145,"Lower-middle","Low income")))) -> Lower-middle | J76: No | K76: Negligible | L76: No significant African-descent population | M76: Low | N76: Yes | O76: Not applicable | P76: Not applicable | Q76: EAEU | R76: Russian | Y76: =IF($C76="Africa","Manan",IF(OR($C76="Europe",$C76="South America",$C76="Oceania"),"Dev","Aditya")) -> Aditya | AB76: =IF($M76="High",5,IF($M76="Medium",3,IF($M76="Home",4,IF($M76="Low",1,0)))) -> 1 | AD76: =IF(COUNT(Z76,AA76,AC76)=0,"",ROUND(Z76*'Scoring Guide'!$B$5+AA76*'Scoring Guide'!$B$6+AB76*'Scoring Guide'!$B$7+AC76*'Scoring Guide'!$B$8,2)) | AE76: =IF(AD76="","Not scored",IF(AD76>='Scoring Guide'!$B$11,"Tier 1 - Priority",IF(AD76>='Scoring Guide'!$B$12,"Tier 2 - Develop",IF(AD76>='Scoring Guide'!$B$13,"Tier 3 - Monitor","Tier 4 - Deprioritise")))) -> Not scored
A77: 76 | B77: Laos | C77: Asia | D77: South-Eastern Asia | E77: 7900000 | F77: =IF($E77="","",IF($E77>=100000000,"Over 100 m",IF($E77>=25000000,"25-100 m",IF($E77>=5000000,"5-25 m",IF($E77>=1000000,"1-5 m","Under 1 m"))))) -> 5-25 m | G77: 15800000000 | H77: =IF(OR($G77="",$E77="",$E77=0),"",ROUND($G77/$E77,0)) -> 2000 | I77: =IF($H77="","",IF($H77>14005,"High income",IF($H77>4515,"Upper-middle",IF($H77>1145,"Lower-middle","Low income")))) -> Lower-middle | J77: No | K77: Negligible | L77: No significant African-descent population | M77: Low | N77: Yes | O77: Not applicable | P77: Not applicable | Q77: ASEAN | R77: English | Y77: =IF($C77="Africa","Manan",IF(OR($C77="Europe",$C77="South America",$C77="Oceania"),"Dev","Aditya")) -> Aditya | AB77: =IF($M77="High",5,IF($M77="Medium",3,IF($M77="Home",4,IF($M77="Low",1,0)))) -> 1 | AD77: =IF(COUNT(Z77,AA77,AC77)=0,"",ROUND(Z77*'Scoring Guide'!$B$5+AA77*'Scoring Guide'!$B$6+AB77*'Scoring Guide'!$B$7+AC77*'Scoring Guide'!$B$8,2)) | AE77: =IF(AD77="","Not scored",IF(AD77>='Scoring Guide'!$B$11,"Tier 1 - Priority",IF(AD77>='Scoring Guide'!$B$12,"Tier 2 - Develop",IF(AD77>='Scoring Guide'!$B$13,"Tier 3 - Monitor","Tier 4 - Deprioritise")))) -> Not scored
A78: 77 | B78: Lebanon | C78: Asia | D78: Western Asia / Middle East | E78: 5800000 | F78: =IF($E78="","",IF($E78>=100000000,"Over 100 m",IF($E78>=25000000,"25-100 m",IF($E78>=5000000,"5-25 m",IF($E78>=1000000,"1-5 m","Under 1 m"))))) -> 5-25 m | G78: 25000000000 | H78: =IF(OR($G78="",$E78="",$E78=0),"",ROUND($G78/$E78,0)) -> 4310 | I78: =IF($H78="","",IF($H78>14005,"High income",IF($H78>4515,"Upper-middle",IF($H78>1145,"Lower-middle","Low income")))) -> Lower-middle | J78: Yes | K78: ~0.25 m | L78: African migrant domestic workers | M78: Low | N78: No | O78: Not applicable | P78: Not applicable | Q78: No major bloc / MFN | R78: Arabic / French | Y78: =IF($C78="Africa","Manan",IF(OR($C78="Europe",$C78="South America",$C78="Oceania"),"Dev","Aditya")) -> Aditya | AB78: =IF($M78="High",5,IF($M78="Medium",3,IF($M78="Home",4,IF($M78="Low",1,0)))) -> 1 | AD78: =IF(COUNT(Z78,AA78,AC78)=0,"",ROUND(Z78*'Scoring Guide'!$B$5+AA78*'Scoring Guide'!$B$6+AB78*'Scoring Guide'!$B$7+AC78*'Scoring Guide'!$B$8,2)) | AE78: =IF(AD78="","Not scored",IF(AD78>='Scoring Guide'!$B$11,"Tier 1 - Priority",IF(AD78>='Scoring Guide'!$B$12,"Tier 2 - Develop",IF(AD78>='Scoring Guide'!$B$13,"Tier 3 - Monitor","Tier 4 - Deprioritise")))) -> Not scored
A79: 78 | B79: Malaysia | C79: Asia | D79: South-Eastern Asia | E79: 35600000 | F79: =IF($E79="","",IF($E79>=100000000,"Over 100 m",IF($E79>=25000000,"25-100 m",IF($E79>=5000000,"5-25 m",IF($E79>=1000000,"1-5 m","Under 1 m"))))) -> 25-100 m | G79: 445000000000 | H79: =IF(OR($G79="",$E79="",$E79=0),"",ROUND($G79/$E79,0)) -> 12500 | I79: =IF($H79="","",IF($H79>14005,"High income",IF($H79>4515,"Upper-middle",IF($H79>1145,"Lower-middle","Low income")))) -> Upper-middle | J79: Yes | K79: ~30,000 | L79: African students and traders | M79: Low | N79: No | O79: Not applicable | P79: Not applicable | Q79: ASEAN | R79: Malay / English | Y79: =IF($C79="Africa","Manan",IF(OR($C79="Europe",$C79="South America",$C79="Oceania"),"Dev","Aditya")) -> Aditya | AB79: =IF($M79="High",5,IF($M79="Medium",3,IF($M79="Home",4,IF($M79="Low",1,0)))) -> 1 | AD79: =IF(COUNT(Z79,AA79,AC79)=0,"",ROUND(Z79*'Scoring Guide'!$B$5+AA79*'Scoring Guide'!$B$6+AB79*'Scoring Guide'!$B$7+AC79*'Scoring Guide'!$B$8,2)) | AE79: =IF(AD79="","Not scored",IF(AD79>='Scoring Guide'!$B$11,"Tier 1 - Priority",IF(AD79>='Scoring Guide'!$B$12,"Tier 2 - Develop",IF(AD79>='Scoring Guide'!$B$13,"Tier 3 - Monitor","Tier 4 - Deprioritise")))) -> Not scored
A80: 79 | B80: Maldives | C80: Asia | D80: Southern Asia | E80: 530000 | F80: =IF($E80="","",IF($E80>=100000000,"Over 100 m",IF($E80>=25000000,"25-100 m",IF($E80>=5000000,"5-25 m",IF($E80>=1000000,"1-5 m","Under 1 m"))))) -> Under 1 m | G80: 7200000000 | H80: =IF(OR($G80="",$E80="",$E80=0),"",ROUND($G80/$E80,0)) -> 13585 | I80: =IF($H80="","",IF($H80>14005,"High income",IF($H80>4515,"Upper-middle",IF($H80>1145,"Lower-middle","Low income")))) -> Upper-middle | J80: No | K80: Negligible | L80: No significant African-descent population | M80: Low | N80: No | O80: Not applicable | P80: Not applicable | Q80: SAARC | R80: English | Y80: =IF($C80="Africa","Manan",IF(OR($C80="Europe",$C80="South America",$C80="Oceania"),"Dev","Aditya")) -> Aditya | AB80: =IF($M80="High",5,IF($M80="Medium",3,IF($M80="Home",4,IF($M80="Low",1,0)))) -> 1 | AD80: =IF(COUNT(Z80,AA80,AC80)=0,"",ROUND(Z80*'Scoring Guide'!$B$5+AA80*'Scoring Guide'!$B$6+AB80*'Scoring Guide'!$B$7+AC80*'Scoring Guide'!$B$8,2)) | AE80: =IF(AD80="","Not scored",IF(AD80>='Scoring Guide'!$B$11,"Tier 1 - Priority",IF(AD80>='Scoring Guide'!$B$12,"Tier 2 - Develop",IF(AD80>='Scoring Guide'!$B$13,"Tier 3 - Monitor","Tier 4 - Deprioritise")))) -> Not scored
A81: 80 | B81: Mongolia | C81: Asia | D81: Eastern Asia | E81: 3500000 | F81: =IF($E81="","",IF($E81>=100000000,"Over 100 m",IF($E81>=25000000,"25-100 m",IF($E81>=5000000,"5-25 m",IF($E81>=1000000,"1-5 m","Under 1 m"))))) -> 1-5 m | G81: 23500000000 | H81: =IF(OR($G81="",$E81="",$E81=0),"",ROUND($G81/$E81,0)) -> 6714 | I81: =IF($H81="","",IF($H81>14005,"High income",IF($H81>4515,"Upper-middle",IF($H81>1145,"Lower-middle","Low income")))) -> Upper-middle | J81: No | K81: Negligible | L81: No significant African-descent population | M81: Low | N81: Yes | O81: Not applicable | P81: Not applicable | Q81: No major bloc / MFN | R81: English | Y81: =IF($C81="Africa","Manan",IF(OR($C81="Europe",$C81="South America",$C81="Oceania"),"Dev","Aditya")) -> Aditya | AB81: =IF($M81="High",5,IF($M81="Medium",3,IF($M81="Home",4,IF($M81="Low",1,0)))) -> 1 | AD81: =IF(COUNT(Z81,AA81,AC81)=0,"",ROUND(Z81*'Scoring Guide'!$B$5+AA81*'Scoring Guide'!$B$6+AB81*'Scoring Guide'!$B$7+AC81*'Scoring Guide'!$B$8,2)) | AE81: =IF(AD81="","Not scored",IF(AD81>='Scoring Guide'!$B$11,"Tier 1 - Priority",IF(AD81>='Scoring Guide'!$B$12,"Tier 2 - Develop",IF(AD81>='Scoring Guide'!$B$13,"Tier 3 - Monitor","Tier 4 - Deprioritise")))) -> Not scored
A82: 81 | B82: Myanmar | C82: Asia | D82: South-Eastern Asia | E82: 54900000 | F82: =IF($E82="","",IF($E82>=100000000,"Over 100 m",IF($E82>=25000000,"25-100 m",IF($E82>=5000000,"5-25 m",IF($E82>=1000000,"1-5 m","Under 1 m"))))) -> 25-100 m | G82: 65000000000 | H82: =IF(OR($G82="",$E82="",$E82=0),"",ROUND($G82/$E82,0)) -> 1184 | I82: =IF($H82="","",IF($H82>14005,"High income",IF($H82>4515,"Upper-middle",IF($H82>1145,"Lower-middle","Low income")))) -> Lower-middle | J82: No | K82: Negligible | L82: No significant African-descent population | M82: Low | N82: No | O82: Not applicable | P82: Not applicable | Q82: ASEAN | R82: English | Y82: =IF($C82="Africa","Manan",IF(OR($C82="Europe",$C82="South America",$C82="Oceania"),"Dev","Aditya")) -> Aditya | AB82: =IF($M82="High",5,IF($M82="Medium",3,IF($M82="Home",4,IF($M82="Low",1,0)))) -> 1 | AD82: =IF(COUNT(Z82,AA82,AC82)=0,"",ROUND(Z82*'Scoring Guide'!$B$5+AA82*'Scoring Guide'!$B$6+AB82*'Scoring Guide'!$B$7+AC82*'Scoring Guide'!$B$8,2)) | AE82: =IF(AD82="","Not scored",IF(AD82>='Scoring Guide'!$B$11,"Tier 1 - Priority",IF(AD82>='Scoring Guide'!$B$12,"Tier 2 - Develop",IF(AD82>='Scoring Guide'!$B$13,"Tier 3 - Monitor","Tier 4 - Deprioritise")))) -> Not scored
A83: 82 | B83: Nepal | C83: Asia | D83: Southern Asia | E83: 30000000 | F83: =IF($E83="","",IF($E83>=100000000,"Over 100 m",IF($E83>=25000000,"25-100 m",IF($E83>=5000000,"5-25 m",IF($E83>=1000000,"1-5 m","Under 1 m"))))) -> 25-100 m | G83: 43700000000 | H83: =IF(OR($G83="",$E83="",$E83=0),"",ROUND($G83/$E83,0)) -> 1457 | I83: =IF($H83="","",IF($H83>14005,"High income",IF($H83>4515,"Upper-middle",IF($H83>1145,"Lower-middle","Low income")))) -> Lower-middle | J83: No | K83: Negligible | L83: No significant African-descent population | M83: Low | N83: Yes | O83: Not applicable | P83: Not applicable | Q83: SAARC | R83: English | Y83: =IF($C83="Africa","Manan",IF(OR($C83="Europe",$C83="South America",$C83="Oceania"),"Dev","Aditya")) -> Aditya | AB83: =IF($M83="High",5,IF($M83="Medium",3,IF($M83="Home",4,IF($M83="Low",1,0)))) -> 1 | AD83: =IF(COUNT(Z83,AA83,AC83)=0,"",ROUND(Z83*'Scoring Guide'!$B$5+AA83*'Scoring Guide'!$B$6+AB83*'Scoring Guide'!$B$7+AC83*'Scoring Guide'!$B$8,2)) | AE83: =IF(AD83="","Not scored",IF(AD83>='Scoring Guide'!$B$11,"Tier 1 - Priority",IF(AD83>='Scoring Guide'!$B$12,"Tier 2 - Develop",IF(AD83>='Scoring Guide'!$B$13,"Tier 3 - Monitor","Tier 4 - Deprioritise")))) -> Not scored
A84: 83 | B84: North Korea | C84: Asia | D84: Eastern Asia | E84: 26600000 | F84: =IF($E84="","",IF($E84>=100000000,"Over 100 m",IF($E84>=25000000,"25-100 m",IF($E84>=5000000,"5-25 m",IF($E84>=1000000,"1-5 m","Under 1 m"))))) -> 25-100 m | G84: 25000000000 | H84: =IF(OR($G84="",$E84="",$E84=0),"",ROUND($G84/$E84,0)) -> 940 | I84: =IF($H84="","",IF($H84>14005,"High income",IF($H84>4515,"Upper-middle",IF($H84>1145,"Lower-middle","Low income")))) -> Low income | J84: No | K84: Negligible | L84: No significant African-descent population | M84: Low | N84: No | O84: Not applicable | P84: Not applicable | Q84: No major bloc / MFN | R84: Korean | Y84: =IF($C84="Africa","Manan",IF(OR($C84="Europe",$C84="South America",$C84="Oceania"),"Dev","Aditya")) -> Aditya | AB84: =IF($M84="High",5,IF($M84="Medium",3,IF($M84="Home",4,IF($M84="Low",1,0)))) -> 1 | AD84: =IF(COUNT(Z84,AA84,AC84)=0,"",ROUND(Z84*'Scoring Guide'!$B$5+AA84*'Scoring Guide'!$B$6+AB84*'Scoring Guide'!$B$7+AC84*'Scoring Guide'!$B$8,2)) | AE84: =IF(AD84="","Not scored",IF(AD84>='Scoring Guide'!$B$11,"Tier 1 - Priority",IF(AD84>='Scoring Guide'!$B$12,"Tier 2 - Develop",IF(AD84>='Scoring Guide'!$B$13,"Tier 3 - Monitor","Tier 4 - Deprioritise")))) -> Not scored
A85: 84 | B85: Oman | C85: Asia | D85: Western Asia / Middle East | E85: 5400000 | F85: =IF($E85="","",IF($E85>=100000000,"Over 100 m",IF($E85>=25000000,"25-100 m",IF($E85>=5000000,"5-25 m",IF($E85>=1000000,"1-5 m","Under 1 m"))))) -> 5-25 m | G85: 110000000000 | H85: =IF(OR($G85="",$E85="",$E85=0),"",ROUND($G85/$E85,0)) -> 20370 | I85: =IF($H85="","",IF($H85>14005,"High income",IF($H85>4515,"Upper-middle",IF($H85>1145,"Lower-middle","Low income")))) -> High income | J85: Yes | K85: ~0.2 m | L85: Historic Zanzibari/Swahili links plus labour migration | M85: Medium | N85: No | O85: Not applicable | P85: Not applicable | Q85: GCC Customs Union | R85: Arabic / English | Y85: =IF($C85="Africa","Manan",IF(OR($C85="Europe",$C85="South America",$C85="Oceania"),"Dev","Aditya")) -> Aditya | AB85: =IF($M85="High",5,IF($M85="Medium",3,IF($M85="Home",4,IF($M85="Low",1,0)))) -> 3 | AD85: =IF(COUNT(Z85,AA85,AC85)=0,"",ROUND(Z85*'Scoring Guide'!$B$5+AA85*'Scoring Guide'!$B$6+AB85*'Scoring Guide'!$B$7+AC85*'Scoring Guide'!$B$8,2)) | AE85: =IF(AD85="","Not scored",IF(AD85>='Scoring Guide'!$B$11,"Tier 1 - Priority",IF(AD85>='Scoring Guide'!$B$12,"Tier 2 - Develop",IF(AD85>='Scoring Guide'!$B$13,"Tier 3 - Monitor","Tier 4 - Deprioritise")))) -> Not scored
A86: 85 | B86: Pakistan | C86: Asia | D86: Southern Asia | E86: 255200000 | F86: =IF($E86="","",IF($E86>=100000000,"Over 100 m",IF($E86>=25000000,"25-100 m",IF($E86>=5000000,"5-25 m",IF($E86>=1000000,"1-5 m","Under 1 m"))))) -> Over 100 m | G86: 375000000000 | H86: =IF(OR($G86="",$E86="",$E86=0),"",ROUND($G86/$E86,0)) -> 1469 | I86: =IF($H86="","",IF($H86>14005,"High income",IF($H86>4515,"Upper-middle",IF($H86>1145,"Lower-middle","Low income")))) -> Lower-middle | J86: Yes | K86: ~0.25 m | L86: Sheedi community (Sindh/Balochistan) | M86: Low | N86: No | O86: Not applicable | P86: Not applicable | Q86: SAARC | R86: English | Y86: =IF($C86="Africa","Manan",IF(OR($C86="Europe",$C86="South America",$C86="Oceania"),"Dev","Aditya")) -> Aditya | AB86: =IF($M86="High",5,IF($M86="Medium",3,IF($M86="Home",4,IF($M86="Low",1,0)))) -> 1 | AD86: =IF(COUNT(Z86,AA86,AC86)=0,"",ROUND(Z86*'Scoring Guide'!$B$5+AA86*'Scoring Guide'!$B$6+AB86*'Scoring Guide'!$B$7+AC86*'Scoring Guide'!$B$8,2)) | AE86: =IF(AD86="","Not scored",IF(AD86>='Scoring Guide'!$B$11,"Tier 1 - Priority",IF(AD86>='Scoring Guide'!$B$12,"Tier 2 - Develop",IF(AD86>='Scoring Guide'!$B$13,"Tier 3 - Monitor","Tier 4 - Deprioritise")))) -> Not scored
A87: 86 | B87: Palestine | C87: Asia | D87: Western Asia / Middle East | E87: 5600000 | F87: =IF($E87="","",IF($E87>=100000000,"Over 100 m",IF($E87>=25000000,"25-100 m",IF($E87>=5000000,"5-25 m",IF($E87>=1000000,"1-5 m","Under 1 m"))))) -> 5-25 m | G87: 17400000000 | H87: =IF(OR($G87="",$E87="",$E87=0),"",ROUND($G87/$E87,0)) -> 3107 | I87: =IF($H87="","",IF($H87>14005,"High income",IF($H87>4515,"Upper-middle",IF($H87>1145,"Lower-middle","Low income")))) -> Lower-middle | J87: No | K87: Negligible | L87: No significant African-descent population | M87: Low | N87: No | O87: Not applicable | P87: Not applicable | Q87: No major bloc / MFN | R87: Arabic / English | S87: Non-UN member; UN permanent observer state | Y87: =IF($C87="Africa","Manan",IF(OR($C87="Europe",$C87="South America",$C87="Oceania"),"Dev","Aditya")) -> Aditya | AB87: =IF($M87="High",5,IF($M87="Medium",3,IF($M87="Home",4,IF($M87="Low",1,0)))) -> 1 | AD87: =IF(COUNT(Z87,AA87,AC87)=0,"",ROUND(Z87*'Scoring Guide'!$B$5+AA87*'Scoring Guide'!$B$6+AB87*'Scoring Guide'!$B$7+AC87*'Scoring Guide'!$B$8,2)) | AE87: =IF(AD87="","Not scored",IF(AD87>='Scoring Guide'!$B$11,"Tier 1 - Priority",IF(AD87>='Scoring Guide'!$B$12,"Tier 2 - Develop",IF(AD87>='Scoring Guide'!$B$13,"Tier 3 - Monitor","Tier 4 - Deprioritise")))) -> Not scored
A88: 87 | B88: Philippines | C88: Asia | D88: South-Eastern Asia | E88: 116800000 | F88: =IF($E88="","",IF($E88>=100000000,"Over 100 m",IF($E88>=25000000,"25-100 m",IF($E88>=5000000,"5-25 m",IF($E88>=1000000,"1-5 m","Under 1 m"))))) -> Over 100 m | G88: 470000000000 | H88: =IF(OR($G88="",$E88="",$E88=0),"",ROUND($G88/$E88,0)) -> 4024 | I88: =IF($H88="","",IF($H88>14005,"High income",IF($H88>4515,"Upper-middle",IF($H88>1145,"Lower-middle","Low income")))) -> Lower-middle | J88: No | K88: Negligible | L88: No significant African-descent population | M88: Low | N88: No | O88: Not applicable | P88: Not applicable | Q88: ASEAN | R88: English | Y88: =IF($C88="Africa","Manan",IF(OR($C88="Europe",$C88="South America",$C88="Oceania"),"Dev","Aditya")) -> Aditya | AB88: =IF($M88="High",5,IF($M88="Medium",3,IF($M88="Home",4,IF($M88="Low",1,0)))) -> 1 | AD88: =IF(COUNT(Z88,AA88,AC88)=0,"",ROUND(Z88*'Scoring Guide'!$B$5+AA88*'Scoring Guide'!$B$6+AB88*'Scoring Guide'!$B$7+AC88*'Scoring Guide'!$B$8,2)) | AE88: =IF(AD88="","Not scored",IF(AD88>='Scoring Guide'!$B$11,"Tier 1 - Priority",IF(AD88>='Scoring Guide'!$B$12,"Tier 2 - Develop",IF(AD88>='Scoring Guide'!$B$13,"Tier 3 - Monitor","Tier 4 - Deprioritise")))) -> Not scored
A89: 88 | B89: Qatar | C89: Asia | D89: Western Asia / Middle East | E89: 3100000 | F89: =IF($E89="","",IF($E89>=100000000,"Over 100 m",IF($E89>=25000000,"25-100 m",IF($E89>=5000000,"5-25 m",IF($E89>=1000000,"1-5 m","Under 1 m"))))) -> 1-5 m | G89: 221000000000 | H89: =IF(OR($G89="",$E89="",$E89=0),"",ROUND($G89/$E89,0)) -> 71290 | I89: =IF($H89="","",IF($H89>14005,"High income",IF($H89>4515,"Upper-middle",IF($H89>1145,"Lower-middle","Low income")))) -> High income | J89: Yes | K89: ~0.15 m | L89: African labour migration | M89: Medium | N89: No | O89: Not applicable | P89: Not applicable | Q89: GCC Customs Union | R89: Arabic / English | Y89: =IF($C89="Africa","Manan",IF(OR($C89="Europe",$C89="South America",$C89="Oceania"),"Dev","Aditya")) -> Aditya | AB89: =IF($M89="High",5,IF($M89="Medium",3,IF($M89="Home",4,IF($M89="Low",1,0)))) -> 3 | AD89: =IF(COUNT(Z89,AA89,AC89)=0,"",ROUND(Z89*'Scoring Guide'!$B$5+AA89*'Scoring Guide'!$B$6+AB89*'Scoring Guide'!$B$7+AC89*'Scoring Guide'!$B$8,2)) | AE89: =IF(AD89="","Not scored",IF(AD89>='Scoring Guide'!$B$11,"Tier 1 - Priority",IF(AD89>='Scoring Guide'!$B$12,"Tier 2 - Develop",IF(AD89>='Scoring Guide'!$B$13,"Tier 3 - Monitor","Tier 4 - Deprioritise")))) -> Not scored
A90: 89 | B90: Saudi Arabia | C90: Asia | D90: Western Asia / Middle East | E90: 34600000 | F90: =IF($E90="","",IF($E90>=100000000,"Over 100 m",IF($E90>=25000000,"25-100 m",IF($E90>=5000000,"5-25 m",IF($E90>=1000000,"1-5 m","Under 1 m"))))) -> 25-100 m | G90: 1110000000000 | H90: =IF(OR($G90="",$E90="",$E90=0),"",ROUND($G90/$E90,0)) -> 32081 | I90: =IF($H90="","",IF($H90>14005,"High income",IF($H90>4515,"Upper-middle",IF($H90>1145,"Lower-middle","Low income")))) -> High income | J90: Yes | K90: ~3.3 m Afro-Arab + migrants | L90: Historic Afro-Arab population plus large African labour migration | M90: Medium | N90: No | O90: Not applicable | P90: Not applicable | Q90: GCC Customs Union | R90: Arabic / English | Y90: =IF($C90="Africa","Manan",IF(OR($C90="Europe",$C90="South America",$C90="Oceania"),"Dev","Aditya")) -> Aditya | AB90: =IF($M90="High",5,IF($M90="Medium",3,IF($M90="Home",4,IF($M90="Low",1,0)))) -> 3 | AD90: =IF(COUNT(Z90,AA90,AC90)=0,"",ROUND(Z90*'Scoring Guide'!$B$5+AA90*'Scoring Guide'!$B$6+AB90*'Scoring Guide'!$B$7+AC90*'Scoring Guide'!$B$8,2)) | AE90: =IF(AD90="","Not scored",IF(AD90>='Scoring Guide'!$B$11,"Tier 1 - Priority",IF(AD90>='Scoring Guide'!$B$12,"Tier 2 - Develop",IF(AD90>='Scoring Guide'!$B$13,"Tier 3 - Monitor","Tier 4 - Deprioritise")))) -> Not scored
A91: 90 | B91: Singapore | C91: Asia | D91: South-Eastern Asia | E91: 6100000 | F91: =IF($E91="","",IF($E91>=100000000,"Over 100 m",IF($E91>=25000000,"25-100 m",IF($E91>=5000000,"5-25 m",IF($E91>=1000000,"1-5 m","Under 1 m"))))) -> 5-25 m | G91: 530000000000 | H91: =IF(OR($G91="",$E91="",$E91=0),"",ROUND($G91/$E91,0)) -> 86885 | I91: =IF($H91="","",IF($H91>14005,"High income",IF($H91>4515,"Upper-middle",IF($H91>1145,"Lower-middle","Low income")))) -> High income | J91: No | K91: Negligible | L91: No significant African-descent population | M91: Low | N91: No | O91: Not applicable | P91: Not applicable | Q91: ASEAN | R91: Malay / English | Y91: =IF($C91="Africa","Manan",IF(OR($C91="Europe",$C91="South America",$C91="Oceania"),"Dev","Aditya")) -> Aditya | AB91: =IF($M91="High",5,IF($M91="Medium",3,IF($M91="Home",4,IF($M91="Low",1,0)))) -> 1 | AD91: =IF(COUNT(Z91,AA91,AC91)=0,"",ROUND(Z91*'Scoring Guide'!$B$5+AA91*'Scoring Guide'!$B$6+AB91*'Scoring Guide'!$B$7+AC91*'Scoring Guide'!$B$8,2)) | AE91: =IF(AD91="","Not scored",IF(AD91>='Scoring Guide'!$B$11,"Tier 1 - Priority",IF(AD91>='Scoring Guide'!$B$12,"Tier 2 - Develop",IF(AD91>='Scoring Guide'!$B$13,"Tier 3 - Monitor","Tier 4 - Deprioritise")))) -> Not scored
A92: 91 | B92: South Korea | C92: Asia | D92: Eastern Asia | E92: 51700000 | F92: =IF($E92="","",IF($E92>=100000000,"Over 100 m",IF($E92>=25000000,"25-100 m",IF($E92>=5000000,"5-25 m",IF($E92>=1000000,"1-5 m","Under 1 m"))))) -> 25-100 m | G92: 1870000000000 | H92: =IF(OR($G92="",$E92="",$E92=0),"",ROUND($G92/$E92,0)) -> 36170 | I92: =IF($H92="","",IF($H92>14005,"High income",IF($H92>4515,"Upper-middle",IF($H92>1145,"Lower-middle","Low income")))) -> High income | J92: Yes | K92: ~15,000 | L92: Small African community | M92: Low | N92: No | O92: Not applicable | P92: Not applicable | Q92: No major bloc / MFN | R92: Korean | Y92: =IF($C92="Africa","Manan",IF(OR($C92="Europe",$C92="South America",$C92="Oceania"),"Dev","Aditya")) -> Aditya | AB92: =IF($M92="High",5,IF($M92="Medium",3,IF($M92="Home",4,IF($M92="Low",1,0)))) -> 1 | AD92: =IF(COUNT(Z92,AA92,AC92)=0,"",ROUND(Z92*'Scoring Guide'!$B$5+AA92*'Scoring Guide'!$B$6+AB92*'Scoring Guide'!$B$7+AC92*'Scoring Guide'!$B$8,2)) | AE92: =IF(AD92="","Not scored",IF(AD92>='Scoring Guide'!$B$11,"Tier 1 - Priority",IF(AD92>='Scoring Guide'!$B$12,"Tier 2 - Develop",IF(AD92>='Scoring Guide'!$B$13,"Tier 3 - Monitor","Tier 4 - Deprioritise")))) -> Not scored
A93: 92 | B93: Sri Lanka | C93: Asia | D93: Southern Asia | E93: 23200000 | F93: =IF($E93="","",IF($E93>=100000000,"Over 100 m",IF($E93>=25000000,"25-100 m",IF($E93>=5000000,"5-25 m",IF($E93>=1000000,"1-5 m","Under 1 m"))))) -> 5-25 m | G93: 96000000000 | H93: =IF(OR($G93="",$E93="",$E93=0),"",ROUND($G93/$E93,0)) -> 4138 | I93: =IF($H93="","",IF($H93>14005,"High income",IF($H93>4515,"Upper-middle",IF($H93>1145,"Lower-middle","Low income")))) -> Lower-middle | J93: No | K93: Negligible | L93: No significant African-descent population | M93: Low | N93: No | O93: Not applicable | P93: Not applicable | Q93: SAARC | R93: English | Y93: =IF($C93="Africa","Manan",IF(OR($C93="Europe",$C93="South America",$C93="Oceania"),"Dev","Aditya")) -> Aditya | AB93: =IF($M93="High",5,IF($M93="Medium",3,IF($M93="Home",4,IF($M93="Low",1,0)))) -> 1 | AD93: =IF(COUNT(Z93,AA93,AC93)=0,"",ROUND(Z93*'Scoring Guide'!$B$5+AA93*'Scoring Guide'!$B$6+AB93*'Scoring Guide'!$B$7+AC93*'Scoring Guide'!$B$8,2)) | AE93: =IF(AD93="","Not scored",IF(AD93>='Scoring Guide'!$B$11,"Tier 1 - Priority",IF(AD93>='Scoring Guide'!$B$12,"Tier 2 - Develop",IF(AD93>='Scoring Guide'!$B$13,"Tier 3 - Monitor","Tier 4 - Deprioritise")))) -> Not scored
A94: 93 | B94: Syria | C94: Asia | D94: Western Asia / Middle East | E94: 25600000 | F94: =IF($E94="","",IF($E94>=100000000,"Over 100 m",IF($E94>=25000000,"25-100 m",IF($E94>=5000000,"5-25 m",IF($E94>=1000000,"1-5 m","Under 1 m"))))) -> 25-100 m | G94: 25000000000 | H94: =IF(OR($G94="",$E94="",$E94=0),"",ROUND($G94/$E94,0)) -> 977 | I94: =IF($H94="","",IF($H94>14005,"High income",IF($H94>4515,"Upper-middle",IF($H94>1145,"Lower-middle","Low income")))) -> Low income | J94: No | K94: Negligible | L94: No significant African-descent population | M94: Low | N94: No | O94: Not applicable | P94: Not applicable | Q94: No major bloc / MFN | R94: Arabic / English | Y94: =IF($C94="Africa","Manan",IF(OR($C94="Europe",$C94="South America",$C94="Oceania"),"Dev","Aditya")) -> Aditya | AB94: =IF($M94="High",5,IF($M94="Medium",3,IF($M94="Home",4,IF($M94="Low",1,0)))) -> 1 | AD94: =IF(COUNT(Z94,AA94,AC94)=0,"",ROUND(Z94*'Scoring Guide'!$B$5+AA94*'Scoring Guide'!$B$6+AB94*'Scoring Guide'!$B$7+AC94*'Scoring Guide'!$B$8,2)) | AE94: =IF(AD94="","Not scored",IF(AD94>='Scoring Guide'!$B$11,"Tier 1 - Priority",IF(AD94>='Scoring Guide'!$B$12,"Tier 2 - Develop",IF(AD94>='Scoring Guide'!$B$13,"Tier 3 - Monitor","Tier 4 - Deprioritise")))) -> Not scored
A95: 94 | B95: Tajikistan | C95: Asia | D95: Central Asia | E95: 10900000 | F95: =IF($E95="","",IF($E95>=100000000,"Over 100 m",IF($E95>=25000000,"25-100 m",IF($E95>=5000000,"5-25 m",IF($E95>=1000000,"1-5 m","Under 1 m"))))) -> 5-25 m | G95: 13000000000 | H95: =IF(OR($G95="",$E95="",$E95=0),"",ROUND($G95/$E95,0)) -> 1193 | I95: =IF($H95="","",IF($H95>14005,"High income",IF($H95>4515,"Upper-middle",IF($H95>1145,"Lower-middle","Low income")))) -> Lower-middle | J95: No | K95: Negligible | L95: No significant African-descent population | M95: Low | N95: Yes | O95: Not applicable | P95: Not applicable | Q95: No major bloc / MFN | R95: Russian | Y95: =IF($C95="Africa","Manan",IF(OR($C95="Europe",$C95="South America",$C95="Oceania"),"Dev","Aditya")) -> Aditya | AB95: =IF($M95="High",5,IF($M95="Medium",3,IF($M95="Home",4,IF($M95="Low",1,0)))) -> 1 | AD95: =IF(COUNT(Z95,AA95,AC95)=0,"",ROUND(Z95*'Scoring Guide'!$B$5+AA95*'Scoring Guide'!$B$6+AB95*'Scoring Guide'!$B$7+AC95*'Scoring Guide'!$B$8,2)) | AE95: =IF(AD95="","Not scored",IF(AD95>='Scoring Guide'!$B$11,"Tier 1 - Priority",IF(AD95>='Scoring Guide'!$B$12,"Tier 2 - Develop",IF(AD95>='Scoring Guide'!$B$13,"Tier 3 - Monitor","Tier 4 - Deprioritise")))) -> Not scored
A96: 95 | B96: Thailand | C96: Asia | D96: South-Eastern Asia | E96: 71600000 | F96: =IF($E96="","",IF($E96>=100000000,"Over 100 m",IF($E96>=25000000,"25-100 m",IF($E96>=5000000,"5-25 m",IF($E96>=1000000,"1-5 m","Under 1 m"))))) -> 25-100 m | G96: 526000000000 | H96: =IF(OR($G96="",$E96="",$E96=0),"",ROUND($G96/$E96,0)) -> 7346 | I96: =IF($H96="","",IF($H96>14005,"High income",IF($H96>4515,"Upper-middle",IF($H96>1145,"Lower-middle","Low income")))) -> Upper-middle | J96: No | K96: Negligible | L96: No significant African-descent population | M96: Low | N96: No | O96: Not applicable | P96: Not applicable | Q96: ASEAN | R96: Thai | Y96: =IF($C96="Africa","Manan",IF(OR($C96="Europe",$C96="South America",$C96="Oceania"),"Dev","Aditya")) -> Aditya | AB96: =IF($M96="High",5,IF($M96="Medium",3,IF($M96="Home",4,IF($M96="Low",1,0)))) -> 1 | AD96: =IF(COUNT(Z96,AA96,AC96)=0,"",ROUND(Z96*'Scoring Guide'!$B$5+AA96*'Scoring Guide'!$B$6+AB96*'Scoring Guide'!$B$7+AC96*'Scoring Guide'!$B$8,2)) | AE96: =IF(AD96="","Not scored",IF(AD96>='Scoring Guide'!$B$11,"Tier 1 - Priority",IF(AD96>='Scoring Guide'!$B$12,"Tier 2 - Develop",IF(AD96>='Scoring Guide'!$B$13,"Tier 3 - Monitor","Tier 4 - Deprioritise")))) -> Not scored
A97: 96 | B97: Timor-Leste | C97: Asia | D97: South-Eastern Asia | E97: 1450000 | F97: =IF($E97="","",IF($E97>=100000000,"Over 100 m",IF($E97>=25000000,"25-100 m",IF($E97>=5000000,"5-25 m",IF($E97>=1000000,"1-5 m","Under 1 m"))))) -> 1-5 m | G97: 2000000000 | H97: =IF(OR($G97="",$E97="",$E97=0),"",ROUND($G97/$E97,0)) -> 1379 | I97: =IF($H97="","",IF($H97>14005,"High income",IF($H97>4515,"Upper-middle",IF($H97>1145,"Lower-middle","Low income")))) -> Lower-middle | J97: No | K97: Negligible | L97: No significant African-descent population | M97: Low | N97: No | O97: Not applicable | P97: Not applicable | Q97: No major bloc / MFN | R97: Portuguese | Y97: =IF($C97="Africa","Manan",IF(OR($C97="Europe",$C97="South America",$C97="Oceania"),"Dev","Aditya")) -> Aditya | AB97: =IF($M97="High",5,IF($M97="Medium",3,IF($M97="Home",4,IF($M97="Low",1,0)))) -> 1 | AD97: =IF(COUNT(Z97,AA97,AC97)=0,"",ROUND(Z97*'Scoring Guide'!$B$5+AA97*'Scoring Guide'!$B$6+AB97*'Scoring Guide'!$B$7+AC97*'Scoring Guide'!$B$8,2)) | AE97: =IF(AD97="","Not scored",IF(AD97>='Scoring Guide'!$B$11,"Tier 1 - Priority",IF(AD97>='Scoring Guide'!$B$12,"Tier 2 - Develop",IF(AD97>='Scoring Guide'!$B$13,"Tier 3 - Monitor","Tier 4 - Deprioritise")))) -> Not scored
A98: 97 | B98: Turkey | C98: Asia | D98: Western Asia / Middle East | E98: 87700000 | F98: =IF($E98="","",IF($E98>=100000000,"Over 100 m",IF($E98>=25000000,"25-100 m",IF($E98>=5000000,"5-25 m",IF($E98>=1000000,"1-5 m","Under 1 m"))))) -> 25-100 m | G98: 1320000000000 | H98: =IF(OR($G98="",$E98="",$E98=0),"",ROUND($G98/$E98,0)) -> 15051 | I98: =IF($H98="","",IF($H98>14005,"High income",IF($H98>4515,"Upper-middle",IF($H98>1145,"Lower-middle","Low income")))) -> High income | J98: Yes | K98: ~0.1 m+ | L98: Fast-growing African trader community; Istanbul is a rising Africa re-export hub | M98: Medium | N98: No | O98: Not applicable | P98: Not applicable | Q98: No major bloc / MFN | R98: Turkish / English | S98: Transcontinental - small portion (East Thrace) lies in Europe | Y98: =IF($C98="Africa","Manan",IF(OR($C98="Europe",$C98="South America",$C98="Oceania"),"Dev","Aditya")) -> Aditya | AB98: =IF($M98="High",5,IF($M98="Medium",3,IF($M98="Home",4,IF($M98="Low",1,0)))) -> 3 | AD98: =IF(COUNT(Z98,AA98,AC98)=0,"",ROUND(Z98*'Scoring Guide'!$B$5+AA98*'Scoring Guide'!$B$6+AB98*'Scoring Guide'!$B$7+AC98*'Scoring Guide'!$B$8,2)) | AE98: =IF(AD98="","Not scored",IF(AD98>='Scoring Guide'!$B$11,"Tier 1 - Priority",IF(AD98>='Scoring Guide'!$B$12,"Tier 2 - Develop",IF(AD98>='Scoring Guide'!$B$13,"Tier 3 - Monitor","Tier 4 - Deprioritise")))) -> Not scored
A99: 98 | B99: Turkmenistan | C99: Asia | D99: Central Asia | E99: 7600000 | F99: =IF($E99="","",IF($E99>=100000000,"Over 100 m",IF($E99>=25000000,"25-100 m",IF($E99>=5000000,"5-25 m",IF($E99>=1000000,"1-5 m","Under 1 m"))))) -> 5-25 m | G99: 82000000000 | H99: =IF(OR($G99="",$E99="",$E99=0),"",ROUND($G99/$E99,0)) -> 10789 | I99: =IF($H99="","",IF($H99>14005,"High income",IF($H99>4515,"Upper-middle",IF($H99>1145,"Lower-middle","Low income")))) -> Upper-middle | J99: No | K99: Negligible | L99: No significant African-descent population | M99: Low | N99: Yes | O99: Not applicable | P99: Not applicable | Q99: No major bloc / MFN | R99: Russian | Y99: =IF($C99="Africa","Manan",IF(OR($C99="Europe",$C99="South America",$C99="Oceania"),"Dev","Aditya")) -> Aditya | AB99: =IF($M99="High",5,IF($M99="Medium",3,IF($M99="Home",4,IF($M99="Low",1,0)))) -> 1 | AD99: =IF(COUNT(Z99,AA99,AC99)=0,"",ROUND(Z99*'Scoring Guide'!$B$5+AA99*'Scoring Guide'!$B$6+AB99*'Scoring Guide'!$B$7+AC99*'Scoring Guide'!$B$8,2)) | AE99: =IF(AD99="","Not scored",IF(AD99>='Scoring Guide'!$B$11,"Tier 1 - Priority",IF(AD99>='Scoring Guide'!$B$12,"Tier 2 - Develop",IF(AD99>='Scoring Guide'!$B$13,"Tier 3 - Monitor","Tier 4 - Deprioritise")))) -> Not scored
A100: 99 | B100: United Arab Emirates | C100: Asia | D100: Western Asia / Middle East | E100: 11300000 | F100: =IF($E100="","",IF($E100>=100000000,"Over 100 m",IF($E100>=25000000,"25-100 m",IF($E100>=5000000,"5-25 m",IF($E100>=1000000,"1-5 m","Under 1 m"))))) -> 5-25 m | G100: 545000000000 | H100: =IF(OR($G100="",$E100="",$E100=0),"",ROUND($G100/$E100,0)) -> 48230 | I100: =IF($H100="","",IF($H100>14005,"High income",IF($H100>4515,"Upper-middle",IF($H100>1145,"Lower-middle","Low income")))) -> High income | J100: Yes | K100: ~0.5 m+ African expatriates | L100: Major Nigerian trading/expat community; Dubai is the leading re-export hub into Africa | M100: High | N100: No | O100: Not applicable | P100: Not applicable | Q100: GCC Customs Union | R100: Arabic / English | Y100: =IF($C100="Africa","Manan",IF(OR($C100="Europe",$C100="South America",$C100="Oceania"),"Dev","Aditya")) -> Aditya | AB100: =IF($M100="High",5,IF($M100="Medium",3,IF($M100="Home",4,IF($M100="Low",1,0)))) -> 5 | AD100: =IF(COUNT(Z100,AA100,AC100)=0,"",ROUND(Z100*'Scoring Guide'!$B$5+AA100*'Scoring Guide'!$B$6+AB100*'Scoring Guide'!$B$7+AC100*'Scoring Guide'!$B$8,2)) | AE100: =IF(AD100="","Not scored",IF(AD100>='Scoring Guide'!$B$11,"Tier 1 - Priority",IF(AD100>='Scoring Guide'!$B$12,"Tier 2 - Develop",IF(AD100>='Scoring Guide'!$B$13,"Tier 3 - Monitor","Tier 4 - Deprioritise")))) -> Not scored
A101: 100 | B101: Uzbekistan | C101: Asia | D101: Central Asia | E101: 37100000 | F101: =IF($E101="","",IF($E101>=100000000,"Over 100 m",IF($E101>=25000000,"25-100 m",IF($E101>=5000000,"5-25 m",IF($E101>=1000000,"1-5 m","Under 1 m"))))) -> 25-100 m | G101: 112000000000 | H101: =IF(OR($G101="",$E101="",$E101=0),"",ROUND($G101/$E101,0)) -> 3019 | I101: =IF($H101="","",IF($H101>14005,"High income",IF($H101>4515,"Upper-middle",IF($H101>1145,"Lower-middle","Low income")))) -> Lower-middle | J101: No | K101: Negligible | L101: No significant African-descent population | M101: Low | N101: Yes | O101: Not applicable | P101: Not applicable | Q101: No major bloc / MFN | R101: Russian | Y101: =IF($C101="Africa","Manan",IF(OR($C101="Europe",$C101="South America",$C101="Oceania"),"Dev","Aditya")) -> Aditya | AB101: =IF($M101="High",5,IF($M101="Medium",3,IF($M101="Home",4,IF($M101="Low",1,0)))) -> 1 | AD101: =IF(COUNT(Z101,AA101,AC101)=0,"",ROUND(Z101*'Scoring Guide'!$B$5+AA101*'Scoring Guide'!$B$6+AB101*'Scoring Guide'!$B$7+AC101*'Scoring Guide'!$B$8,2)) | AE101: =IF(AD101="","Not scored",IF(AD101>='Scoring Guide'!$B$11,"Tier 1 - Priority",IF(AD101>='Scoring Guide'!$B$12,"Tier 2 - Develop",IF(AD101>='Scoring Guide'!$B$13,"Tier 3 - Monitor","Tier 4 - Deprioritise")))) -> Not scored
A102: 101 | B102: Vietnam | C102: Asia | D102: South-Eastern Asia | E102: 101600000 | F102: =IF($E102="","",IF($E102>=100000000,"Over 100 m",IF($E102>=25000000,"25-100 m",IF($E102>=5000000,"5-25 m",IF($E102>=1000000,"1-5 m","Under 1 m"))))) -> Over 100 m | G102: 476000000000 | H102: =IF(OR($G102="",$E102="",$E102=0),"",ROUND($G102/$E102,0)) -> 4685 | I102: =IF($H102="","",IF($H102>14005,"High income",IF($H102>4515,"Upper-middle",IF($H102>1145,"Lower-middle","Low income")))) -> Upper-middle | J102: No | K102: Negligible | L102: No significant African-descent population | M102: Low | N102: No | O102: Not applicable | P102: Not applicable | Q102: ASEAN | R102: Vietnamese | Y102: =IF($C102="Africa","Manan",IF(OR($C102="Europe",$C102="South America",$C102="Oceania"),"Dev","Aditya")) -> Aditya | AB102: =IF($M102="High",5,IF($M102="Medium",3,IF($M102="Home",4,IF($M102="Low",1,0)))) -> 1 | AD102: =IF(COUNT(Z102,AA102,AC102)=0,"",ROUND(Z102*'Scoring Guide'!$B$5+AA102*'Scoring Guide'!$B$6+AB102*'Scoring Guide'!$B$7+AC102*'Scoring Guide'!$B$8,2)) | AE102: =IF(AD102="","Not scored",IF(AD102>='Scoring Guide'!$B$11,"Tier 1 - Priority",IF(AD102>='Scoring Guide'!$B$12,"Tier 2 - Develop",IF(AD102>='Scoring Guide'!$B$13,"Tier 3 - Monitor","Tier 4 - Deprioritise")))) -> Not scored
A103: 102 | B103: Yemen | C103: Asia | D103: Western Asia / Middle East | E103: 41800000 | F103: =IF($E103="","",IF($E103>=100000000,"Over 100 m",IF($E103>=25000000,"25-100 m",IF($E103>=5000000,"5-25 m",IF($E103>=1000000,"1-5 m","Under 1 m"))))) -> 25-100 m | G103: 16000000000 | H103: =IF(OR($G103="",$E103="",$E103=0),"",ROUND($G103/$E103,0)) -> 383 | I103: =IF($H103="","",IF($H103>14005,"High income",IF($H103>4515,"Upper-middle",IF($H103>1145,"Lower-middle","Low income")))) -> Low income | J103: Yes | K103: ~0.5 m | L103: Afro-Yemeni population plus Somali refugees | M103: Low | N103: No | O103: Not applicable | P103: Not applicable | Q103: No major bloc / MFN | R103: Arabic / English | Y103: =IF($C103="Africa","Manan",IF(OR($C103="Europe",$C103="South America",$C103="Oceania"),"Dev","Aditya")) -> Aditya | AB103: =IF($M103="High",5,IF($M103="Medium",3,IF($M103="Home",4,IF($M103="Low",1,0)))) -> 1 | AD103: =IF(COUNT(Z103,AA103,AC103)=0,"",ROUND(Z103*'Scoring Guide'!$B$5+AA103*'Scoring Guide'!$B$6+AB103*'Scoring Guide'!$B$7+AC103*'Scoring Guide'!$B$8,2)) | AE103: =IF(AD103="","Not scored",IF(AD103>='Scoring Guide'!$B$11,"Tier 1 - Priority",IF(AD103>='Scoring Guide'!$B$12,"Tier 2 - Develop",IF(AD103>='Scoring Guide'!$B$13,"Tier 3 - Monitor","Tier 4 - Deprioritise")))) -> Not scored
A104: 103 | B104: Albania | C104: Europe | D104: Southern Europe | E104: 2700000 | F104: =IF($E104="","",IF($E104>=100000000,"Over 100 m",IF($E104>=25000000,"25-100 m",IF($E104>=5000000,"5-25 m",IF($E104>=1000000,"1-5 m","Under 1 m"))))) -> 1-5 m | G104: 26100000000 | H104: =IF(OR($G104="",$E104="",$E104=0),"",ROUND($G104/$E104,0)) -> 9667 | I104: =IF($H104="","",IF($H104>14005,"High income",IF($H104>4515,"Upper-middle",IF($H104>1145,"Lower-middle","Low income")))) -> Upper-middle | J104: No | K104: Negligible | L104: No significant African-descent population | M104: Low | N104: No | O104: Not applicable | P104: Not applicable | Q104: No major bloc / MFN | R104: English | Y104: =IF($C104="Africa","Manan",IF(OR($C104="Europe",$C104="South America",$C104="Oceania"),"Dev","Aditya")) -> Dev | AB104: =IF($M104="High",5,IF($M104="Medium",3,IF($M104="Home",4,IF($M104="Low",1,0)))) -> 1 | AD104: =IF(COUNT(Z104,AA104,AC104)=0,"",ROUND(Z104*'Scoring Guide'!$B$5+AA104*'Scoring Guide'!$B$6+AB104*'Scoring Guide'!$B$7+AC104*'Scoring Guide'!$B$8,2)) | AE104: =IF(AD104="","Not scored",IF(AD104>='Scoring Guide'!$B$11,"Tier 1 - Priority",IF(AD104>='Scoring Guide'!$B$12,"Tier 2 - Develop",IF(AD104>='Scoring Guide'!$B$13,"Tier 3 - Monitor","Tier 4 - Deprioritise")))) -> Not scored
A105: 104 | B105: Andorra | C105: Europe | D105: Southern Europe | E105: 82000 | F105: =IF($E105="","",IF($E105>=100000000,"Over 100 m",IF($E105>=25000000,"25-100 m",IF($E105>=5000000,"5-25 m",IF($E105>=1000000,"1-5 m","Under 1 m"))))) -> Under 1 m | G105: 3800000000 | H105: =IF(OR($G105="",$E105="",$E105=0),"",ROUND($G105/$E105,0)) -> 46341 | I105: =IF($H105="","",IF($H105>14005,"High income",IF($H105>4515,"Upper-middle",IF($H105>1145,"Lower-middle","Low income")))) -> High income | J105: No | K105: Negligible | L105: No significant African-descent population | M105: Low | N105: Yes | O105: Not applicable | P105: Not applicable | Q105: No major bloc / MFN | R105: English | Y105: =IF($C105="Africa","Manan",IF(OR($C105="Europe",$C105="South America",$C105="Oceania"),"Dev","Aditya")) -> Dev | AB105: =IF($M105="High",5,IF($M105="Medium",3,IF($M105="Home",4,IF($M105="Low",1,0)))) -> 1 | AD105: =IF(COUNT(Z105,AA105,AC105)=0,"",ROUND(Z105*'Scoring Guide'!$B$5+AA105*'Scoring Guide'!$B$6+AB105*'Scoring Guide'!$B$7+AC105*'Scoring Guide'!$B$8,2)) | AE105: =IF(AD105="","Not scored",IF(AD105>='Scoring Guide'!$B$11,"Tier 1 - Priority",IF(AD105>='Scoring Guide'!$B$12,"Tier 2 - Develop",IF(AD105>='Scoring Guide'!$B$13,"Tier 3 - Monitor","Tier 4 - Deprioritise")))) -> Not scored
A106: 105 | B106: Austria | C106: Europe | D106: Western Europe | E106: 9100000 | F106: =IF($E106="","",IF($E106>=100000000,"Over 100 m",IF($E106>=25000000,"25-100 m",IF($E106>=5000000,"5-25 m",IF($E106>=1000000,"1-5 m","Under 1 m"))))) -> 5-25 m | G106: 534000000000 | H106: =IF(OR($G106="",$E106="",$E106=0),"",ROUND($G106/$E106,0)) -> 58681 | I106: =IF($H106="","",IF($H106>14005,"High income",IF($H106>4515,"Upper-middle",IF($H106>1145,"Lower-middle","Low income")))) -> High income | J106: Yes | K106: ~60,000 | L106: Small West African community | M106: Low | N106: Yes | O106: Not applicable | P106: Not applicable | Q106: EU Single Market | R106: German | Y106: =IF($C106="Africa","Manan",IF(OR($C106="Europe",$C106="South America",$C106="Oceania"),"Dev","Aditya")) -> Dev | AB106: =IF($M106="High",5,IF($M106="Medium",3,IF($M106="Home",4,IF($M106="Low",1,0)))) -> 1 | AD106: =IF(COUNT(Z106,AA106,AC106)=0,"",ROUND(Z106*'Scoring Guide'!$B$5+AA106*'Scoring Guide'!$B$6+AB106*'Scoring Guide'!$B$7+AC106*'Scoring Guide'!$B$8,2)) | AE106: =IF(AD106="","Not scored",IF(AD106>='Scoring Guide'!$B$11,"Tier 1 - Priority",IF(AD106>='Scoring Guide'!$B$12,"Tier 2 - Develop",IF(AD106>='Scoring Guide'!$B$13,"Tier 3 - Monitor","Tier 4 - Deprioritise")))) -> Not scored
A107: 106 | B107: Belarus | C107: Europe | D107: Eastern Europe | E107: 9000000 | F107: =IF($E107="","",IF($E107>=100000000,"Over 100 m",IF($E107>=25000000,"25-100 m",IF($E107>=5000000,"5-25 m",IF($E107>=1000000,"1-5 m","Under 1 m"))))) -> 5-25 m | G107: 73000000000 | H107: =IF(OR($G107="",$E107="",$E107=0),"",ROUND($G107/$E107,0)) -> 8111 | I107: =IF($H107="","",IF($H107>14005,"High income",IF($H107>4515,"Upper-middle",IF($H107>1145,"Lower-middle","Low income")))) -> Upper-middle | J107: No | K107: Negligible | L107: No significant African-descent population | M107: Low | N107: Yes | O107: Not applicable | P107: Not applicable | Q107: EAEU | R107: Russian | Y107: =IF($C107="Africa","Manan",IF(OR($C107="Europe",$C107="South America",$C107="Oceania"),"Dev","Aditya")) -> Dev | AB107: =IF($M107="High",5,IF($M107="Medium",3,IF($M107="Home",4,IF($M107="Low",1,0)))) -> 1 | AD107: =IF(COUNT(Z107,AA107,AC107)=0,"",ROUND(Z107*'Scoring Guide'!$B$5+AA107*'Scoring Guide'!$B$6+AB107*'Scoring Guide'!$B$7+AC107*'Scoring Guide'!$B$8,2)) | AE107: =IF(AD107="","Not scored",IF(AD107>='Scoring Guide'!$B$11,"Tier 1 - Priority",IF(AD107>='Scoring Guide'!$B$12,"Tier 2 - Develop",IF(AD107>='Scoring Guide'!$B$13,"Tier 3 - Monitor","Tier 4 - Deprioritise")))) -> Not scored
A108: 107 | B108: Belgium | C108: Europe | D108: Western Europe | E108: 11800000 | F108: =IF($E108="","",IF($E108>=100000000,"Over 100 m",IF($E108>=25000000,"25-100 m",IF($E108>=5000000,"5-25 m",IF($E108>=1000000,"1-5 m","Under 1 m"))))) -> 5-25 m | G108: 662000000000 | H108: =IF(OR($G108="",$E108="",$E108=0),"",ROUND($G108/$E108,0)) -> 56102 | I108: =IF($H108="","",IF($H108>14005,"High income",IF($H108>4515,"Upper-middle",IF($H108>1145,"Lower-middle","Low income")))) -> High income | J108: Yes | K108: ~0.25 m | L108: Congolese/West African community; Antwerp re-export trade | M108: Medium | N108: No | O108: Not applicable | P108: Not applicable | Q108: EU Single Market | R108: Dutch / English | Y108: =IF($C108="Africa","Manan",IF(OR($C108="Europe",$C108="South America",$C108="Oceania"),"Dev","Aditya")) -> Dev | AB108: =IF($M108="High",5,IF($M108="Medium",3,IF($M108="Home",4,IF($M108="Low",1,0)))) -> 3 | AD108: =IF(COUNT(Z108,AA108,AC108)=0,"",ROUND(Z108*'Scoring Guide'!$B$5+AA108*'Scoring Guide'!$B$6+AB108*'Scoring Guide'!$B$7+AC108*'Scoring Guide'!$B$8,2)) | AE108: =IF(AD108="","Not scored",IF(AD108>='Scoring Guide'!$B$11,"Tier 1 - Priority",IF(AD108>='Scoring Guide'!$B$12,"Tier 2 - Develop",IF(AD108>='Scoring Guide'!$B$13,"Tier 3 - Monitor","Tier 4 - Deprioritise")))) -> Not scored
A109: 108 | B109: Bosnia and Herzegovina | C109: Europe | D109: Southern Europe | E109: 3100000 | F109: =IF($E109="","",IF($E109>=100000000,"Over 100 m",IF($E109>=25000000,"25-100 m",IF($E109>=5000000,"5-25 m",IF($E109>=1000000,"1-5 m","Under 1 m"))))) -> 1-5 m | G109: 29000000000 | H109: =IF(OR($G109="",$E109="",$E109=0),"",ROUND($G109/$E109,0)) -> 9355 | I109: =IF($H109="","",IF($H109>14005,"High income",IF($H109>4515,"Upper-middle",IF($H109>1145,"Lower-middle","Low income")))) -> Upper-middle | J109: No | K109: Negligible | L109: No significant African-descent population | M109: Low | N109: No | O109: Not applicable | P109: Not applicable | Q109: No major bloc / MFN | R109: English | Y109: =IF($C109="Africa","Manan",IF(OR($C109="Europe",$C109="South America",$C109="Oceania"),"Dev","Aditya")) -> Dev | AB109: =IF($M109="High",5,IF($M109="Medium",3,IF($M109="Home",4,IF($M109="Low",1,0)))) -> 1 | AD109: =IF(COUNT(Z109,AA109,AC109)=0,"",ROUND(Z109*'Scoring Guide'!$B$5+AA109*'Scoring Guide'!$B$6+AB109*'Scoring Guide'!$B$7+AC109*'Scoring Guide'!$B$8,2)) | AE109: =IF(AD109="","Not scored",IF(AD109>='Scoring Guide'!$B$11,"Tier 1 - Priority",IF(AD109>='Scoring Guide'!$B$12,"Tier 2 - Develop",IF(AD109>='Scoring Guide'!$B$13,"Tier 3 - Monitor","Tier 4 - Deprioritise")))) -> Not scored
A110: 109 | B110: Bulgaria | C110: Europe | D110: Eastern Europe | E110: 6700000 | F110: =IF($E110="","",IF($E110>=100000000,"Over 100 m",IF($E110>=25000000,"25-100 m",IF($E110>=5000000,"5-25 m",IF($E110>=1000000,"1-5 m","Under 1 m"))))) -> 5-25 m | G110: 108000000000 | H110: =IF(OR($G110="",$E110="",$E110=0),"",ROUND($G110/$E110,0)) -> 16119 | I110: =IF($H110="","",IF($H110>14005,"High income",IF($H110>4515,"Upper-middle",IF($H110>1145,"Lower-middle","Low income")))) -> High income | J110: No | K110: Negligible | L110: No significant African-descent population | M110: Low | N110: No | O110: Not applicable | P110: Not applicable | Q110: EU Single Market | R110: English | Y110: =IF($C110="Africa","Manan",IF(OR($C110="Europe",$C110="South America",$C110="Oceania"),"Dev","Aditya")) -> Dev | AB110: =IF($M110="High",5,IF($M110="Medium",3,IF($M110="Home",4,IF($M110="Low",1,0)))) -> 1 | AD110: =IF(COUNT(Z110,AA110,AC110)=0,"",ROUND(Z110*'Scoring Guide'!$B$5+AA110*'Scoring Guide'!$B$6+AB110*'Scoring Guide'!$B$7+AC110*'Scoring Guide'!$B$8,2)) | AE110: =IF(AD110="","Not scored",IF(AD110>='Scoring Guide'!$B$11,"Tier 1 - Priority",IF(AD110>='Scoring Guide'!$B$12,"Tier 2 - Develop",IF(AD110>='Scoring Guide'!$B$13,"Tier 3 - Monitor","Tier 4 - Deprioritise")))) -> Not scored
... A136: 135 | B136: Romania | C136: Europe | D136: Eastern Europe | E136: 19000000 | F136: =IF($E136="","",IF($E136>=100000000,"Over 100 m",IF($E136>=25000000,"25-100 m",IF($E136>=5000000,"5-25 m",IF($E136>=1000000,"1-5 m","Under 1 m"))))) -> 5-25 m | G136: 380000000000 | H136: =IF(OR($G136="",$E136="",$E136=0),"",ROUND($G136/$E136,0)) -> 20000 | I136: =IF($H136="","",IF($H136>14005,"High income",IF($H136>4515,"Upper-middle",IF($H136>1145,"Lower-middle","Low income")))) -> High income | J136: No | K136: Negligible | L136: No significant African-descent population | M136: Low | N136: No | O136: Not applicable | P136: Not applicable | Q136: EU Single Market | R136: English | Y136: =IF($C136="Africa","Manan",IF(OR($C136="Europe",$C136="South America",$C136="Oceania"),"Dev","Aditya")) -> Dev | AB136: =IF($M136="High",5,IF($M136="Medium",3,IF($M136="Home",4,IF($M136="Low",1,0)))) -> 1 | AD136: =IF(COUNT(Z136,AA136,AC136)=0,"",ROUND(Z136*'Scoring Guide'!$B$5+AA136*'Scoring Guide'!$B$6+AB136*'Scoring Guide'!$B$7+AC136*'Scoring Guide'!$B$8,2)) | AE136: =IF(AD136="","Not scored",IF(AD136>='Scoring Guide'!$B$11,"Tier 1 - Priority",IF(AD136>='Scoring Guide'!$B$12,"Tier 2 - Develop",IF(AD136>='Scoring Guide'!$B$13,"Tier 3 - Monitor","Tier 4 - Deprioritise")))) -> Not scored
A137: 136 | B137: Russia | C137: Europe | D137: Eastern Europe | E137: 143900000 | F137: =IF($E137="","",IF($E137>=100000000,"Over 100 m",IF($E137>=25000000,"25-100 m",IF($E137>=5000000,"5-25 m",IF($E137>=1000000,"1-5 m","Under 1 m"))))) -> Over 100 m | G137: 2200000000000 | H137: =IF(OR($G137="",$E137="",$E137=0),"",ROUND($G137/$E137,0)) -> 15288 | I137: =IF($H137="","",IF($H137>14005,"High income",IF($H137>4515,"Upper-middle",IF($H137>1145,"Lower-middle","Low income")))) -> High income | J137: Yes | K137: ~50,000 | L137: Students and traders; limited retail channel | M137: Low | N137: No | O137: Not applicable | P137: Not applicable | Q137: EAEU | R137: Russian | S137: Transcontinental - land mass mostly in Asia; commonly grouped with Europe | Y137: =IF($C137="Africa","Manan",IF(OR($C137="Europe",$C137="South America",$C137="Oceania"),"Dev","Aditya")) -> Dev | AB137: =IF($M137="High",5,IF($M137="Medium",3,IF($M137="Home",4,IF($M137="Low",1,0)))) -> 1 | AD137: =IF(COUNT(Z137,AA137,AC137)=0,"",ROUND(Z137*'Scoring Guide'!$B$5+AA137*'Scoring Guide'!$B$6+AB137*'Scoring Guide'!$B$7+AC137*'Scoring Guide'!$B$8,2)) | AE137: =IF(AD137="","Not scored",IF(AD137>='Scoring Guide'!$B$11,"Tier 1 - Priority",IF(AD137>='Scoring Guide'!$B$12,"Tier 2 - Develop",IF(AD137>='Scoring Guide'!$B$13,"Tier 3 - Monitor","Tier 4 - Deprioritise")))) -> Not scored
A138: 137 | B138: San Marino | C138: Europe | D138: Southern Europe | E138: 34000 | F138: =IF($E138="","",IF($E138>=100000000,"Over 100 m",IF($E138>=25000000,"25-100 m",IF($E138>=5000000,"5-25 m",IF($E138>=1000000,"1-5 m","Under 1 m"))))) -> Under 1 m | G138: 2000000000 | H138: =IF(OR($G138="",$E138="",$E138=0),"",ROUND($G138/$E138,0)) -> 58824 | I138: =IF($H138="","",IF($H138>14005,"High income",IF($H138>4515,"Upper-middle",IF($H138>1145,"Lower-middle","Low income")))) -> High income | J138: No | K138: Negligible | L138: No significant African-descent population | M138: Low | N138: Yes | O138: Not applicable | P138: Not applicable | Q138: No major bloc / MFN | R138: Italian | Y138: =IF($C138="Africa","Manan",IF(OR($C138="Europe",$C138="South America",$C138="Oceania"),"Dev","Aditya")) -> Dev | AB138: =IF($M138="High",5,IF($M138="Medium",3,IF($M138="Home",4,IF($M138="Low",1,0)))) -> 1 | AD138: =IF(COUNT(Z138,AA138,AC138)=0,"",ROUND(Z138*'Scoring Guide'!$B$5+AA138*'Scoring Guide'!$B$6+AB138*'Scoring Guide'!$B$7+AC138*'Scoring Guide'!$B$8,2)) | AE138: =IF(AD138="","Not scored",IF(AD138>='Scoring Guide'!$B$11,"Tier 1 - Priority",IF(AD138>='Scoring Guide'!$B$12,"Tier 2 - Develop",IF(AD138>='Scoring Guide'!$B$13,"Tier 3 - Monitor","Tier 4 - Deprioritise")))) -> Not scored
A139: 138 | B139: Serbia | C139: Europe | D139: Southern Europe | E139: 6600000 | F139: =IF($E139="","",IF($E139>=100000000,"Over 100 m",IF($E139>=25000000,"25-100 m",IF($E139>=5000000,"5-25 m",IF($E139>=1000000,"1-5 m","Under 1 m"))))) -> 5-25 m | G139: 82500000000 | H139: =IF(OR($G139="",$E139="",$E139=0),"",ROUND($G139/$E139,0)) -> 12500 | I139: =IF($H139="","",IF($H139>14005,"High income",IF($H139>4515,"Upper-middle",IF($H139>1145,"Lower-middle","Low income")))) -> Upper-middle | J139: No | K139: Negligible | L139: No significant African-descent population | M139: Low | N139: Yes | O139: Not applicable | P139: Not applicable | Q139: No major bloc / MFN | R139: English | Y139: =IF($C139="Africa","Manan",IF(OR($C139="Europe",$C139="South America",$C139="Oceania"),"Dev","Aditya")) -> Dev | AB139: =IF($M139="High",5,IF($M139="Medium",3,IF($M139="Home",4,IF($M139="Low",1,0)))) -> 1 | AD139: =IF(COUNT(Z139,AA139,AC139)=0,"",ROUND(Z139*'Scoring Guide'!$B$5+AA139*'Scoring Guide'!$B$6+AB139*'Scoring Guide'!$B$7+AC139*'Scoring Guide'!$B$8,2)) | AE139: =IF(AD139="","Not scored",IF(AD139>='Scoring Guide'!$B$11,"Tier 1 - Priority",IF(AD139>='Scoring Guide'!$B$12,"Tier 2 - Develop",IF(AD139>='Scoring Guide'!$B$13,"Tier 3 - Monitor","Tier 4 - Deprioritise")))) -> Not scored
A140: 139 | B140: Slovakia | C140: Europe | D140: Eastern Europe | E140: 5400000 | F140: =IF($E140="","",IF($E140>=100000000,"Over 100 m",IF($E140>=25000000,"25-100 m",IF($E140>=5000000,"5-25 m",IF($E140>=1000000,"1-5 m","Under 1 m"))))) -> 5-25 m | G140: 141000000000 | H140: =IF(OR($G140="",$E140="",$E140=0),"",ROUND($G140/$E140,0)) -> 26111 | I140: =IF($H140="","",IF($H140>14005,"High income",IF($H140>4515,"Upper-middle",IF($H140>1145,"Lower-middle","Low income")))) -> High income | J140: No | K140: Negligible | L140: No significant African-descent population | M140: Low | N140: Yes | O140: Not applicable | P140: Not applicable | Q140: EU Single Market | R140: English | Y140: =IF($C140="Africa","Manan",IF(OR($C140="Europe",$C140="South America",$C140="Oceania"),"Dev","Aditya")) -> Dev | AB140: =IF($M140="High",5,IF($M140="Medium",3,IF($M140="Home",4,IF($M140="Low",1,0)))) -> 1 | AD140: =IF(COUNT(Z140,AA140,AC140)=0,"",ROUND(Z140*'Scoring Guide'!$B$5+AA140*'Scoring Guide'!$B$6+AB140*'Scoring Guide'!$B$7+AC140*'Scoring Guide'!$B$8,2)) | AE140: =IF(AD140="","Not scored",IF(AD140>='Scoring Guide'!$B$11,"Tier 1 - Priority",IF(AD140>='Scoring Guide'!$B$12,"Tier 2 - Develop",IF(AD140>='Scoring Guide'!$B$13,"Tier 3 - Monitor","Tier 4 - Deprioritise")))) -> Not scored
A141: 140 | B141: Slovenia | C141: Europe | D141: Southern Europe | E141: 2120000 | F141: =IF($E141="","",IF($E141>=100000000,"Over 100 m",IF($E141>=25000000,"25-100 m",IF($E141>=5000000,"5-25 m",IF($E141>=1000000,"1-5 m","Under 1 m"))))) -> 1-5 m | G141: 76000000000 | H141: =IF(OR($G141="",$E141="",$E141=0),"",ROUND($G141/$E141,0)) -> 35849 | I141: =IF($H141="","",IF($H141>14005,"High income",IF($H141>4515,"Upper-middle",IF($H141>1145,"Lower-middle","Low income")))) -> High income | J141: No | K141: Negligible | L141: No significant African-descent population | M141: Low | N141: No | O141: Not applicable | P141: Not applicable | Q141: EU Single Market | R141: English | Y141: =IF($C141="Africa","Manan",IF(OR($C141="Europe",$C141="South America",$C141="Oceania"),"Dev","Aditya")) -> Dev | AB141: =IF($M141="High",5,IF($M141="Medium",3,IF($M141="Home",4,IF($M141="Low",1,0)))) -> 1 | AD141: =IF(COUNT(Z141,AA141,AC141)=0,"",ROUND(Z141*'Scoring Guide'!$B$5+AA141*'Scoring Guide'!$B$6+AB141*'Scoring Guide'!$B$7+AC141*'Scoring Guide'!$B$8,2)) | AE141: =IF(AD141="","Not scored",IF(AD141>='Scoring Guide'!$B$11,"Tier 1 - Priority",IF(AD141>='Scoring Guide'!$B$12,"Tier 2 - Develop",IF(AD141>='Scoring Guide'!$B$13,"Tier 3 - Monitor","Tier 4 - Deprioritise")))) -> Not scored
A142: 141 | B142: Spain | C142: Europe | D142: Southern Europe | E142: 47900000 | F142: =IF($E142="","",IF($E142>=100000000,"Over 100 m",IF($E142>=25000000,"25-100 m",IF($E142>=5000000,"5-25 m",IF($E142>=1000000,"1-5 m","Under 1 m"))))) -> 25-100 m | G142: 1730000000000 | H142: =IF(OR($G142="",$E142="",$E142=0),"",ROUND($G142/$E142,0)) -> 36117 | I142: =IF($H142="","",IF($H142>14005,"High income",IF($H142>4515,"Upper-middle",IF($H142>1145,"Lower-middle","Low income")))) -> High income | J142: Yes | K142: ~1.2 m | L142: West & North African community; gateway for re-export to West Africa | M142: High | N142: No | O142: Not applicable | P142: Not applicable | Q142: EU Single Market | R142: Spanish | Y142: =IF($C142="Africa","Manan",IF(OR($C142="Europe",$C142="South America",$C142="Oceania"),"Dev","Aditya")) -> Dev | AB142: =IF($M142="High",5,IF($M142="Medium",3,IF($M142="Home",4,IF($M142="Low",1,0)))) -> 5 | AD142: =IF(COUNT(Z142,AA142,AC142)=0,"",ROUND(Z142*'Scoring Guide'!$B$5+AA142*'Scoring Guide'!$B$6+AB142*'Scoring Guide'!$B$7+AC142*'Scoring Guide'!$B$8,2)) | AE142: =IF(AD142="","Not scored",IF(AD142>='Scoring Guide'!$B$11,"Tier 1 - Priority",IF(AD142>='Scoring Guide'!$B$12,"Tier 2 - Develop",IF(AD142>='Scoring Guide'!$B$13,"Tier 3 - Monitor","Tier 4 - Deprioritise")))) -> Not scored
A143: 142 | B143: Sweden | C143: Europe | D143: Northern Europe | E143: 10700000 | F143: =IF($E143="","",IF($E143>=100000000,"Over 100 m",IF($E143>=25000000,"25-100 m",IF($E143>=5000000,"5-25 m",IF($E143>=1000000,"1-5 m","Under 1 m"))))) -> 5-25 m | G143: 609000000000 | H143: =IF(OR($G143="",$E143="",$E143=0),"",ROUND($G143/$E143,0)) -> 56916 | I143: =IF($H143="","",IF($H143>14005,"High income",IF($H143>4515,"Upper-middle",IF($H143>1145,"Lower-middle","Low income")))) -> High income | J143: Yes | K143: ~0.25 m | L143: Somali/Eritrean/Ethiopian community | M143: Medium | N143: No | O143: Not applicable | P143: Not applicable | Q143: EU Single Market | R143: English | Y143: =IF($C143="Africa","Manan",IF(OR($C143="Europe",$C143="South America",$C143="Oceania"),"Dev","Aditya")) -> Dev | AB143: =IF($M143="High",5,IF($M143="Medium",3,IF($M143="Home",4,IF($M143="Low",1,0)))) -> 3 | AD143: =IF(COUNT(Z143,AA143,AC143)=0,"",ROUND(Z143*'Scoring Guide'!$B$5+AA143*'Scoring Guide'!$B$6+AB143*'Scoring Guide'!$B$7+AC143*'Scoring Guide'!$B$8,2)) | AE143: =IF(AD143="","Not scored",IF(AD143>='Scoring Guide'!$B$11,"Tier 1 - Priority",IF(AD143>='Scoring Guide'!$B$12,"Tier 2 - Develop",IF(AD143>='Scoring Guide'!$B$13,"Tier 3 - Monitor","Tier 4 - Deprioritise")))) -> Not scored
A144: 143 | B144: Switzerland | C144: Europe | D144: Western Europe | E144: 9000000 | F144: =IF($E144="","",IF($E144>=100000000,"Over 100 m",IF($E144>=25000000,"25-100 m",IF($E144>=5000000,"5-25 m",IF($E144>=1000000,"1-5 m","Under 1 m"))))) -> 5-25 m | G144: 942000000000 | H144: =IF(OR($G144="",$E144="",$E144=0),"",ROUND($G144/$E144,0)) -> 104667 | I144: =IF($H144="","",IF($H144>14005,"High income",IF($H144>4515,"Upper-middle",IF($H144>1145,"Lower-middle","Low income")))) -> High income | J144: Yes | K144: ~0.1 m | L144: Small but high-spend West African community | M144: Medium | N144: Yes | O144: Not applicable | P144: Not applicable | Q144: EFTA | R144: German / French / Italian | Y144: =IF($C144="Africa","Manan",IF(OR($C144="Europe",$C144="South America",$C144="Oceania"),"Dev","Aditya")) -> Dev | AB144: =IF($M144="High",5,IF($M144="Medium",3,IF($M144="Home",4,IF($M144="Low",1,0)))) -> 3 | AD144: =IF(COUNT(Z144,AA144,AC144)=0,"",ROUND(Z144*'Scoring Guide'!$B$5+AA144*'Scoring Guide'!$B$6+AB144*'Scoring Guide'!$B$7+AC144*'Scoring Guide'!$B$8,2)) | AE144: =IF(AD144="","Not scored",IF(AD144>='Scoring Guide'!$B$11,"Tier 1 - Priority",IF(AD144>='Scoring Guide'!$B$12,"Tier 2 - Develop",IF(AD144>='Scoring Guide'!$B$13,"Tier 3 - Monitor","Tier 4 - Deprioritise")))) -> Not scored
A145: 144 | B145: Ukraine | C145: Europe | D145: Eastern Europe | E145: 37900000 | F145: =IF($E145="","",IF($E145>=100000000,"Over 100 m",IF($E145>=25000000,"25-100 m",IF($E145>=5000000,"5-25 m",IF($E145>=1000000,"1-5 m","Under 1 m"))))) -> 25-100 m | G145: 190000000000 | H145: =IF(OR($G145="",$E145="",$E145=0),"",ROUND($G145/$E145,0)) -> 5013 | I145: =IF($H145="","",IF($H145>14005,"High income",IF($H145>4515,"Upper-middle",IF($H145>1145,"Lower-middle","Low income")))) -> Upper-middle | J145: No | K145: Negligible | L145: No significant African-descent population | M145: Low | N145: No | O145: Not applicable | P145: Not applicable | Q145: No major bloc / MFN | R145: Russian | Y145: =IF($C145="Africa","Manan",IF(OR($C145="Europe",$C145="South America",$C145="Oceania"),"Dev","Aditya")) -> Dev | AB145: =IF($M145="High",5,IF($M145="Medium",3,IF($M145="Home",4,IF($M145="Low",1,0)))) -> 1 | AD145: =IF(COUNT(Z145,AA145,AC145)=0,"",ROUND(Z145*'Scoring Guide'!$B$5+AA145*'Scoring Guide'!$B$6+AB145*'Scoring Guide'!$B$7+AC145*'Scoring Guide'!$B$8,2)) | AE145: =IF(AD145="","Not scored",IF(AD145>='Scoring Guide'!$B$11,"Tier 1 - Priority",IF(AD145>='Scoring Guide'!$B$12,"Tier 2 - Develop",IF(AD145>='Scoring Guide'!$B$13,"Tier 3 - Monitor","Tier 4 - Deprioritise")))) -> Not scored
A146: 145 | B146: United Kingdom | C146: Europe | D146: Northern Europe | E146: 69500000 | F146: =IF($E146="","",IF($E146>=100000000,"Over 100 m",IF($E146>=25000000,"25-100 m",IF($E146>=5000000,"5-25 m",IF($E146>=1000000,"1-5 m","Under 1 m"))))) -> 25-100 m | G146: 3590000000000 | H146: =IF(OR($G146="",$E146="",$E146=0),"",ROUND($G146/$E146,0)) -> 51655 | I146: =IF($H146="","",IF($H146>14005,"High income",IF($H146>4515,"Upper-middle",IF($H146>1145,"Lower-middle","Low income")))) -> High income | J146: Yes | K146: ~2.5 m | L146: Large Nigerian/Ghanaian/Caribbean community; established African food & houseware importers | M146: High | N146: No | O146: Not applicable | P146: Not applicable | Q146: UK (independent tariff schedule) | R146: English | Y146: =IF($C146="Africa","Manan",IF(OR($C146="Europe",$C146="South America",$C146="Oceania"),"Dev","Aditya")) -> Dev | AB146: =IF($M146="High",5,IF($M146="Medium",3,IF($M146="Home",4,IF($M146="Low",1,0)))) -> 5 | AD146: =IF(COUNT(Z146,AA146,AC146)=0,"",ROUND(Z146*'Scoring Guide'!$B$5+AA146*'Scoring Guide'!$B$6+AB146*'Scoring Guide'!$B$7+AC146*'Scoring Guide'!$B$8,2)) | AE146: =IF(AD146="","Not scored",IF(AD146>='Scoring Guide'!$B$11,"Tier 1 - Priority",IF(AD146>='Scoring Guide'!$B$12,"Tier 2 - Develop",IF(AD146>='Scoring Guide'!$B$13,"Tier 3 - Monitor","Tier 4 - Deprioritise")))) -> Not scored
A147: 146 | B147: Vatican City (Holy See) | C147: Europe | D147: Southern Europe | E147: 800 | F147: =IF($E147="","",IF($E147>=100000000,"Over 100 m",IF($E147>=25000000,"25-100 m",IF($E147>=5000000,"5-25 m",IF($E147>=1000000,"1-5 m","Under 1 m"))))) -> Under 1 m | H147: =IF(OR($G147="",$E147="",$E147=0),"",ROUND($G147/$E147,0)) | I147: =IF($H147="","",IF($H147>14005,"High income",IF($H147>4515,"Upper-middle",IF($H147>1145,"Lower-middle","Low income")))) | J147: No | K147: Negligible | L147: No significant African-descent population | M147: Low | N147: Yes | O147: Not applicable | P147: Not applicable | Q147: No major bloc / MFN | R147: Italian | S147: Non-UN member; UN permanent observer state | Y147: =IF($C147="Africa","Manan",IF(OR($C147="Europe",$C147="South America",$C147="Oceania"),"Dev","Aditya")) -> Dev | AB147: =IF($M147="High",5,IF($M147="Medium",3,IF($M147="Home",4,IF($M147="Low",1,0)))) -> 1 | AD147: =IF(COUNT(Z147,AA147,AC147)=0,"",ROUND(Z147*'Scoring Guide'!$B$5+AA147*'Scoring Guide'!$B$6+AB147*'Scoring Guide'!$B$7+AC147*'Scoring Guide'!$B$8,2)) | AE147: =IF(AD147="","Not scored",IF(AD147>='Scoring Guide'!$B$11,"Tier 1 - Priority",IF(AD147>='Scoring Guide'!$B$12,"Tier 2 - Develop",IF(AD147>='Scoring Guide'!$B$13,"Tier 3 - Monitor","Tier 4 - Deprioritise")))) -> Not scored
A148: 147 | B148: Antigua and Barbuda | C148: North America | D148: Caribbean | E148: 94000 | F148: =IF($E148="","",IF($E148>=100000000,"Over 100 m",IF($E148>=25000000,"25-100 m",IF($E148>=5000000,"5-25 m",IF($E148>=1000000,"1-5 m","Under 1 m"))))) -> Under 1 m | G148: 2200000000 | H148: =IF(OR($G148="",$E148="",$E148=0),"",ROUND($G148/$E148,0)) -> 23404 | I148: =IF($H148="","",IF($H148>14005,"High income",IF($H148>4515,"Upper-middle",IF($H148>1145,"Lower-middle","Low income")))) -> High income | J148: Yes | K148: ~85,000 | L148: Afro-descendant majority | M148: Low | N148: No | O148: Not applicable | P148: Not applicable | Q148: CARICOM | R148: English | Y148: =IF($C148="Africa","Manan",IF(OR($C148="Europe",$C148="South America",$C148="Oceania"),"Dev","Aditya")) -> Aditya | AB148: =IF($M148="High",5,IF($M148="Medium",3,IF($M148="Home",4,IF($M148="Low",1,0)))) -> 1 | AD148: =IF(COUNT(Z148,AA148,AC148)=0,"",ROUND(Z148*'Scoring Guide'!$B$5+AA148*'Scoring Guide'!$B$6+AB148*'Scoring Guide'!$B$7+AC148*'Scoring Guide'!$B$8,2)) | AE148: =IF(AD148="","Not scored",IF(AD148>='Scoring Guide'!$B$11,"Tier 1 - Priority",IF(AD148>='Scoring Guide'!$B$12,"Tier 2 - Develop",IF(AD148>='Scoring Guide'!$B$13,"Tier 3 - Monitor","Tier 4 - Deprioritise")))) -> Not scored
A149: 148 | B149: Bahamas | C149: North America | D149: Caribbean | E149: 400000 | F149: =IF($E149="","",IF($E149>=100000000,"Over 100 m",IF($E149>=25000000,"25-100 m",IF($E149>=5000000,"5-25 m",IF($E149>=1000000,"1-5 m","Under 1 m"))))) -> Under 1 m | G149: 15000000000 | H149: =IF(OR($G149="",$E149="",$E149=0),"",ROUND($G149/$E149,0)) -> 37500 | I149: =IF($H149="","",IF($H149>14005,"High income",IF($H149>4515,"Upper-middle",IF($H149>1145,"Lower-middle","Low income")))) -> High income | J149: Yes | K149: ~0.32 m | L149: Afro-Bahamian majority - general consumer market | M149: Low | N149: No | O149: Not applicable | P149: Not applicable | Q149: CARICOM | R149: English | Y149: =IF($C149="Africa","Manan",IF(OR($C149="Europe",$C149="South America",$C149="Oceania"),"Dev","Aditya")) -> Aditya | AB149: =IF($M149="High",5,IF($M149="Medium",3,IF($M149="Home",4,IF($M149="Low",1,0)))) -> 1 | AD149: =IF(COUNT(Z149,AA149,AC149)=0,"",ROUND(Z149*'Scoring Guide'!$B$5+AA149*'Scoring Guide'!$B$6+AB149*'Scoring Guide'!$B$7+AC149*'Scoring Guide'!$B$8,2)) | AE149: =IF(AD149="","Not scored",IF(AD149>='Scoring Guide'!$B$11,"Tier 1 - Priority",IF(AD149>='Scoring Guide'!$B$12,"Tier 2 - Develop",IF(AD149>='Scoring Guide'!$B$13,"Tier 3 - Monitor","Tier 4 - Deprioritise")))) -> Not scored
A150: 149 | B150: Barbados | C150: North America | D150: Caribbean | E150: 282000 | F150: =IF($E150="","",IF($E150>=100000000,"Over 100 m",IF($E150>=25000000,"25-100 m",IF($E150>=5000000,"5-25 m",IF($E150>=1000000,"1-5 m","Under 1 m"))))) -> Under 1 m | G150: 6900000000 | H150: =IF(OR($G150="",$E150="",$E150=0),"",ROUND($G150/$E150,0)) -> 24468 | I150: =IF($H150="","",IF($H150>14005,"High income",IF($H150>4515,"Upper-middle",IF($H150>1145,"Lower-middle","Low income")))) -> High income | J150: Yes | K150: ~0.28 m | L150: Afro-Barbadian majority - general consumer market | M150: Low | N150: No | O150: Not applicable | P150: Not applicable | Q150: CARICOM | R150: English | Y150: =IF($C150="Africa","Manan",IF(OR($C150="Europe",$C150="South America",$C150="Oceania"),"Dev","Aditya")) -> Aditya | AB150: =IF($M150="High",5,IF($M150="Medium",3,IF($M150="Home",4,IF($M150="Low",1,0)))) -> 1 | AD150: =IF(COUNT(Z150,AA150,AC150)=0,"",ROUND(Z150*'Scoring Guide'!$B$5+AA150*'Scoring Guide'!$B$6+AB150*'Scoring Guide'!$B$7+AC150*'Scoring Guide'!$B$8,2)) | AE150: =IF(AD150="","Not scored",IF(AD150>='Scoring Guide'!$B$11,"Tier 1 - Priority",IF(AD150>='Scoring Guide'!$B$12,"Tier 2 - Develop",IF(AD150>='Scoring Guide'!$B$13,"Tier 3 - Monitor","Tier 4 - Deprioritise")))) -> Not scored
A151: 150 | B151: Belize | C151: North America | D151: Central America | E151: 420000 | F151: =IF($E151="","",IF($E151>=100000000,"Over 100 m",IF($E151>=25000000,"25-100 m",IF($E151>=5000000,"5-25 m",IF($E151>=1000000,"1-5 m","Under 1 m"))))) -> Under 1 m | G151: 3400000000 | H151: =IF(OR($G151="",$E151="",$E151=0),"",ROUND($G151/$E151,0)) -> 8095 | I151: =IF($H151="","",IF($H151>14005,"High income",IF($H151>4515,"Upper-middle",IF($H151>1145,"Lower-middle","Low income")))) -> Upper-middle | J151: Yes | K151: ~0.11 m | L151: Kriol and Garifuna population | M151: Low | N151: No | O151: Not applicable | P151: Not applicable | Q151: CARICOM | R151: English | Y151: =IF($C151="Africa","Manan",IF(OR($C151="Europe",$C151="South America",$C151="Oceania"),"Dev","Aditya")) -> Aditya | AB151: =IF($M151="High",5,IF($M151="Medium",3,IF($M151="Home",4,IF($M151="Low",1,0)))) -> 1 | AD151: =IF(COUNT(Z151,AA151,AC151)=0,"",ROUND(Z151*'Scoring Guide'!$B$5+AA151*'Scoring Guide'!$B$6+AB151*'Scoring Guide'!$B$7+AC151*'Scoring Guide'!$B$8,2)) | AE151: =IF(AD151="","Not scored",IF(AD151>='Scoring Guide'!$B$11,"Tier 1 - Priority",IF(AD151>='Scoring Guide'!$B$12,"Tier 2 - Develop",IF(AD151>='Scoring Guide'!$B$13,"Tier 3 - Monitor","Tier 4 - Deprioritise")))) -> Not scored
A152: 151 | B152: Canada | C152: North America | D152: Northern America | E152: 40100000 | F152: =IF($E152="","",IF($E152>=100000000,"Over 100 m",IF($E152>=25000000,"25-100 m",IF($E152>=5000000,"5-25 m",IF($E152>=1000000,"1-5 m","Under 1 m"))))) -> 25-100 m | G152: 2210000000000 | H152: =IF(OR($G152="",$E152="",$E152=0),"",ROUND($G152/$E152,0)) -> 55112 | I152: =IF($H152="","",IF($H152>14005,"High income",IF($H152>4515,"Upper-middle",IF($H152>1145,"Lower-middle","Low income")))) -> High income | J152: Yes | K152: ~1.5 m | L152: Fastest-growing Nigerian migration destination; strong ethnic-retail channel | M152: High | N152: No | O152: Not applicable | P152: Not applicable | Q152: USMCA | R152: French / English | Y152: =IF($C152="Africa","Manan",IF(OR($C152="Europe",$C152="South America",$C152="Oceania"),"Dev","Aditya")) -> Aditya | AB152: =IF($M152="High",5,IF($M152="Medium",3,IF($M152="Home",4,IF($M152="Low",1,0)))) -> 5 | AD152: =IF(COUNT(Z152,AA152,AC152)=0,"",ROUND(Z152*'Scoring Guide'!$B$5+AA152*'Scoring Guide'!$B$6+AB152*'Scoring Guide'!$B$7+AC152*'Scoring Guide'!$B$8,2)) | AE152: =IF(AD152="","Not scored",IF(AD152>='Scoring Guide'!$B$11,"Tier 1 - Priority",IF(AD152>='Scoring Guide'!$B$12,"Tier 2 - Develop",IF(AD152>='Scoring Guide'!$B$13,"Tier 3 - Monitor","Tier 4 - Deprioritise")))) -> Not scored
A153: 152 | B153: Costa Rica | C153: North America | D153: Central America | E153: 5150000 | F153: =IF($E153="","",IF($E153>=100000000,"Over 100 m",IF($E153>=25000000,"25-100 m",IF($E153>=5000000,"5-25 m",IF($E153>=1000000,"1-5 m","Under 1 m"))))) -> 5-25 m | G153: 95000000000 | H153: =IF(OR($G153="",$E153="",$E153=0),"",ROUND($G153/$E153,0)) -> 18447 | I153: =IF($H153="","",IF($H153>14005,"High income",IF($H153>4515,"Upper-middle",IF($H153>1145,"Lower-middle","Low income")))) -> High income | J153: Yes | K153: ~0.14 m | L153: Afro-Costa Rican population (Limon) | M153: Low | N153: No | O153: Not applicable | P153: Not applicable | Q153: No major bloc / MFN | R153: Spanish | Y153: =IF($C153="Africa","Manan",IF(OR($C153="Europe",$C153="South America",$C153="Oceania"),"Dev","Aditya")) -> Aditya | AB153: =IF($M153="High",5,IF($M153="Medium",3,IF($M153="Home",4,IF($M153="Low",1,0)))) -> 1 | AD153: =IF(COUNT(Z153,AA153,AC153)=0,"",ROUND(Z153*'Scoring Guide'!$B$5+AA153*'Scoring Guide'!$B$6+AB153*'Scoring Guide'!$B$7+AC153*'Scoring Guide'!$B$8,2)) | AE153: =IF(AD153="","Not scored",IF(AD153>='Scoring Guide'!$B$11,"Tier 1 - Priority",IF(AD153>='Scoring Guide'!$B$12,"Tier 2 - Develop",IF(AD153>='Scoring Guide'!$B$13,"Tier 3 - Monitor","Tier 4 - Deprioritise")))) -> Not scored
A154: 153 | B154: Cuba | C154: North America | D154: Caribbean | E154: 10900000 | F154: =IF($E154="","",IF($E154>=100000000,"Over 100 m",IF($E154>=25000000,"25-100 m",IF($E154>=5000000,"5-25 m",IF($E154>=1000000,"1-5 m","Under 1 m"))))) -> 5-25 m | G154: 110000000000 | H154: =IF(OR($G154="",$E154="",$E154=0),"",ROUND($G154/$E154,0)) -> 10092 | I154: =IF($H154="","",IF($H154>14005,"High income",IF($H154>4515,"Upper-middle",IF($H154>1145,"Lower-middle","Low income")))) -> Upper-middle | J154: Yes | K154: ~1.0-4 m | L154: Afro-descendant plurality - general consumer market; import restrictions apply | M154: Medium | N154: No | O154: Not applicable | P154: Not applicable | Q154: No major bloc / MFN | R154: Spanish | Y154: =IF($C154="Africa","Manan",IF(OR($C154="Europe",$C154="South America",$C154="Oceania"),"Dev","Aditya")) -> Aditya | AB154: =IF($M154="High",5,IF($M154="Medium",3,IF($M154="Home",4,IF($M154="Low",1,0)))) -> 3 | AD154: =IF(COUNT(Z154,AA154,AC154)=0,"",ROUND(Z154*'Scoring Guide'!$B$5+AA154*'Scoring Guide'!$B$6+AB154*'Scoring Guide'!$B$7+AC154*'Scoring Guide'!$B$8,2)) | AE154: =IF(AD154="","Not scored",IF(AD154>='Scoring Guide'!$B$11,"Tier 1 - Priority",IF(AD154>='Scoring Guide'!$B$12,"Tier 2 - Develop",IF(AD154>='Scoring Guide'!$B$13,"Tier 3 - Monitor","Tier 4 - Deprioritise")))) -> Not scored
A155: 154 | B155: Dominica | C155: North America | D155: Caribbean | E155: 66000 | F155: =IF($E155="","",IF($E155>=100000000,"Over 100 m",IF($E155>=25000000,"25-100 m",IF($E155>=5000000,"5-25 m",IF($E155>=1000000,"1-5 m","Under 1 m"))))) -> Under 1 m | G155: 700000000 | H155: =IF(OR($G155="",$E155="",$E155=0),"",ROUND($G155/$E155,0)) -> 10606 | I155: =IF($H155="","",IF($H155>14005,"High income",IF($H155>4515,"Upper-middle",IF($H155>1145,"Lower-middle","Low income")))) -> Upper-middle | J155: Yes | K155: ~65,000 | L155: Afro-descendant majority | M155: Low | N155: No | O155: Not applicable | P155: Not applicable | Q155: CARICOM | R155: English | Y155: =IF($C155="Africa","Manan",IF(OR($C155="Europe",$C155="South America",$C155="Oceania"),"Dev","Aditya")) -> Aditya | AB155: =IF($M155="High",5,IF($M155="Medium",3,IF($M155="Home",4,IF($M155="Low",1,0)))) -> 1 | AD155: =IF(COUNT(Z155,AA155,AC155)=0,"",ROUND(Z155*'Scoring Guide'!$B$5+AA155*'Scoring Guide'!$B$6+AB155*'Scoring Guide'!$B$7+AC155*'Scoring Guide'!$B$8,2)) | AE155: =IF(AD155="","Not scored",IF(AD155>='Scoring Guide'!$B$11,"Tier 1 - Priority",IF(AD155>='Scoring Guide'!$B$12,"Tier 2 - Develop",IF(AD155>='Scoring Guide'!$B$13,"Tier 3 - Monitor","Tier 4 - Deprioritise")))) -> Not scored
A156: 155 | B156: Dominican Republic | C156: North America | D156: Caribbean | E156: 11500000 | F156: =IF($E156="","",IF($E156>=100000000,"Over 100 m",IF($E156>=25000000,"25-100 m",IF($E156>=5000000,"5-25 m",IF($E156>=1000000,"1-5 m","Under 1 m"))))) -> 5-25 m | G156: 127000000000 | H156: =IF(OR($G156="",$E156="",$E156=0),"",ROUND($G156/$E156,0)) -> 11043 | I156: =IF($H156="","",IF($H156>14005,"High income",IF($H156>4515,"Upper-middle",IF($H156>1145,"Lower-middle","Low income")))) -> Upper-middle | J156: Yes | K156: ~1.7-8 m | L156: Afro-descendant majority/mixed - general consumer market | M156: Medium | N156: No | O156: Not applicable | P156: Not applicable | Q156: No major bloc / MFN | R156: Spanish | Y156: =IF($C156="Africa","Manan",IF(OR($C156="Europe",$C156="South America",$C156="Oceania"),"Dev","Aditya")) -> Aditya | AB156: =IF($M156="High",5,IF($M156="Medium",3,IF($M156="Home",4,IF($M156="Low",1,0)))) -> 3 | AD156: =IF(COUNT(Z156,AA156,AC156)=0,"",ROUND(Z156*'Scoring Guide'!$B$5+AA156*'Scoring Guide'!$B$6+AB156*'Scoring Guide'!$B$7+AC156*'Scoring Guide'!$B$8,2)) | AE156: =IF(AD156="","Not scored",IF(AD156>='Scoring Guide'!$B$11,"Tier 1 - Priority",IF(AD156>='Scoring Guide'!$B$12,"Tier 2 - Develop",IF(AD156>='Scoring Guide'!$B$13,"Tier 3 - Monitor","Tier 4 - Deprioritise")))) -> Not scored
A157: 156 | B157: El Salvador | C157: North America | D157: Central America | E157: 6300000 | F157: =IF($E157="","",IF($E157>=100000000,"Over 100 m",IF($E157>=25000000,"25-100 m",IF($E157>=5000000,"5-25 m",IF($E157>=1000000,"1-5 m","Under 1 m"))))) -> 5-25 m | G157: 36000000000 | H157: =IF(OR($G157="",$E157="",$E157=0),"",ROUND($G157/$E157,0)) -> 5714 | I157: =IF($H157="","",IF($H157>14005,"High income",IF($H157>4515,"Upper-middle",IF($H157>1145,"Lower-middle","Low income")))) -> Upper-middle | J157: Yes | K157: Minimal | L157: Very small Afro-descendant population | M157: Low | N157: No | O157: Not applicable | P157: Not applicable | Q157: No major bloc / MFN | R157: Spanish | Y157: =IF($C157="Africa","Manan",IF(OR($C157="Europe",$C157="South America",$C157="Oceania"),"Dev","Aditya")) -> Aditya | AB157: =IF($M157="High",5,IF($M157="Medium",3,IF($M157="Home",4,IF($M157="Low",1,0)))) -> 1 | AD157: =IF(COUNT(Z157,AA157,AC157)=0,"",ROUND(Z157*'Scoring Guide'!$B$5+AA157*'Scoring Guide'!$B$6+AB157*'Scoring Guide'!$B$7+AC157*'Scoring Guide'!$B$8,2)) | AE157: =IF(AD157="","Not scored",IF(AD157>='Scoring Guide'!$B$11,"Tier 1 - Priority",IF(AD157>='Scoring Guide'!$B$12,"Tier 2 - Develop",IF(AD157>='Scoring Guide'!$B$13,"Tier 3 - Monitor","Tier 4 - Deprioritise")))) -> Not scored
A158: 157 | B158: Grenada | C158: North America | D158: Caribbean | E158: 118000 | F158: =IF($E158="","",IF($E158>=100000000,"Over 100 m",IF($E158>=25000000,"25-100 m",IF($E158>=5000000,"5-25 m",IF($E158>=1000000,"1-5 m","Under 1 m"))))) -> Under 1 m | G158: 1400000000 | H158: =IF(OR($G158="",$E158="",$E158=0),"",ROUND($G158/$E158,0)) -> 11864 | I158: =IF($H158="","",IF($H158>14005,"High income",IF($H158>4515,"Upper-middle",IF($H158>1145,"Lower-middle","Low income")))) -> Upper-middle | J158: Yes | K158: ~90,000 | L158: Afro-descendant majority | M158: Low | N158: No | O158: Not applicable | P158: Not applicable | Q158: CARICOM | R158: English | Y158: =IF($C158="Africa","Manan",IF(OR($C158="Europe",$C158="South America",$C158="Oceania"),"Dev","Aditya")) -> Aditya | AB158: =IF($M158="High",5,IF($M158="Medium",3,IF($M158="Home",4,IF($M158="Low",1,0)))) -> 1 | AD158: =IF(COUNT(Z158,AA158,AC158)=0,"",ROUND(Z158*'Scoring Guide'!$B$5+AA158*'Scoring Guide'!$B$6+AB158*'Scoring Guide'!$B$7+AC158*'Scoring Guide'!$B$8,2)) | AE158: =IF(AD158="","Not scored",IF(AD158>='Scoring Guide'!$B$11,"Tier 1 - Priority",IF(AD158>='Scoring Guide'!$B$12,"Tier 2 - Develop",IF(AD158>='Scoring Guide'!$B$13,"Tier 3 - Monitor","Tier 4 - Deprioritise")))) -> Not scored
A159: 158 | B159: Guatemala | C159: North America | D159: Central America | E159: 18700000 | F159: =IF($E159="","",IF($E159>=100000000,"Over 100 m",IF($E159>=25000000,"25-100 m",IF($E159>=5000000,"5-25 m",IF($E159>=1000000,"1-5 m","Under 1 m"))))) -> 5-25 m | G159: 112000000000 | H159: =IF(OR($G159="",$E159="",$E159=0),"",ROUND($G159/$E159,0)) -> 5989 | I159: =IF($H159="","",IF($H159>14005,"High income",IF($H159>4515,"Upper-middle",IF($H159>1145,"Lower-middle","Low income")))) -> Upper-middle | J159: Yes | K159: ~10,000 | L159: Small Garifuna population | M159: Low | N159: No | O159: Not applicable | P159: Not applicable | Q159: No major bloc / MFN | R159: Spanish | Y159: =IF($C159="Africa","Manan",IF(OR($C159="Europe",$C159="South America",$C159="Oceania"),"Dev","Aditya")) -> Aditya | AB159: =IF($M159="High",5,IF($M159="Medium",3,IF($M159="Home",4,IF($M159="Low",1,0)))) -> 1 | AD159: =IF(COUNT(Z159,AA159,AC159)=0,"",ROUND(Z159*'Scoring Guide'!$B$5+AA159*'Scoring Guide'!$B$6+AB159*'Scoring Guide'!$B$7+AC159*'Scoring Guide'!$B$8,2)) | AE159: =IF(AD159="","Not scored",IF(AD159>='Scoring Guide'!$B$11,"Tier 1 - Priority",IF(AD159>='Scoring Guide'!$B$12,"Tier 2 - Develop",IF(AD159>='Scoring Guide'!$B$13,"Tier 3 - Monitor","Tier 4 - Deprioritise")))) -> Not scored
... A162: 161 | B162: Jamaica | C162: North America | D162: Caribbean | E162: 2830000 | F162: =IF($E162="","",IF($E162>=100000000,"Over 100 m",IF($E162>=25000000,"25-100 m",IF($E162>=5000000,"5-25 m",IF($E162>=1000000,"1-5 m","Under 1 m"))))) -> 1-5 m | G162: 20000000000 | H162: =IF(OR($G162="",$E162="",$E162=0),"",ROUND($G162/$E162,0)) -> 7067 | I162: =IF($H162="","",IF($H162>14005,"High income",IF($H162>4515,"Upper-middle",IF($H162>1145,"Lower-middle","Low income")))) -> Upper-middle | J162: Yes | K162: ~2.5 m | L162: Afro-descendant majority; CARICOM distribution hub | M162: Medium | N162: No | O162: Not applicable | P162: Not applicable | Q162: CARICOM | R162: English | Y162: =IF($C162="Africa","Manan",IF(OR($C162="Europe",$C162="South America",$C162="Oceania"),"Dev","Aditya")) -> Aditya | AB162: =IF($M162="High",5,IF($M162="Medium",3,IF($M162="Home",4,IF($M162="Low",1,0)))) -> 3 | AD162: =IF(COUNT(Z162,AA162,AC162)=0,"",ROUND(Z162*'Scoring Guide'!$B$5+AA162*'Scoring Guide'!$B$6+AB162*'Scoring Guide'!$B$7+AC162*'Scoring Guide'!$B$8,2)) | AE162: =IF(AD162="","Not scored",IF(AD162>='Scoring Guide'!$B$11,"Tier 1 - Priority",IF(AD162>='Scoring Guide'!$B$12,"Tier 2 - Develop",IF(AD162>='Scoring Guide'!$B$13,"Tier 3 - Monitor","Tier 4 - Deprioritise")))) -> Not scored
...

Sheet Scoring Guide
A1: Export Targeting - Scoring Model
A3: Weights (must total 100%) - edit the yellow cells to re-weight the model
A4: Criterion | B4: Weight
A5: Market Size | B5: 0.3
A6: Access Ease | B6: 0.25
A7: Diaspora Fit | B7: 0.2
A8: Competition | B8: 0.25
A9: Total | B9: =SUM(B5:B8) -> 1
A10: Tier cut-offs (weighted score)
A11: Tier 1 - Priority | B11: 4
A12: Tier 2 - Develop | B12: 3
A13: Tier 3 - Monitor | B13: 2
A16: HOW TO USE
A17: 1. Fill the amber columns (T-Y) on the main sheet from your own sources.
A18: 2. Enter 1-5 scores in columns Z, AA and AC. Column AB (Diaspora Fit) is already auto-filled from the Diaspora Priority column.
A19: 3. Weighted Score (AD) and Priority Tier (AE) calculate automatically.
A20: 4. Filter column AE to Tier 1 to get the target list.
A22: SCORING SCALES (1 = worst, 5 = best)
A23: Market Size | B23: 5 = large population with high plasticware import volume; 1 = tiny or negligible import demand
A24: Access Ease | B24: 5 = duty-free (ECOWAS/AfCFTA), coastal, short transit, no NTBs; 1 = high duty, landlocked, licensing barriers, FX restrictions
A25: Diaspora Fit | B25: Auto: High=5, Home=4, Medium=3, Low=1. Override manually if you have better local intelligence.
A26: Competition | B26: 5 = little local manufacturing, imports dominate; 1 = strong domestic plastics industry plus entrenched Chinese/Turkish supply
A28: WORKED EXAMPLE (do not enter this as a row - it shows the expected format)
A29: Country | B29: United Kingdom
A30: Existing Buyer? (Y/N) | B30: Y
A31: Import Duty % (HS 3923/3924) | B31: 6.5%
A32: Est. Annual Import Value (USD) | B32: 1,200,000
A33: Local Competition (H/M/L) | B33: M
A34: Distributor Status | B34: Appointed - London
A35: Owner | B35: Shafeeq
A36: Market Size / Access Ease / Competition | B36: 4 / 4 / 3
A37: Resulting Weighted Score | B37: 3.80 -> Tier 2 - Develop
A39: DATA SOURCES AND CAVEATS
A40: GDP is nominal (not PPP) in current USD, full-year 2024, on the basis of IMF World Economic Outlook estimates, rounded to 3 significant figures. Nominal is the right basis for export pricing because you invoice in hard currency. GDP per Capita (column H) and Income Tier (column I) are formulas derived from columns G and E, so they update if you overwrite either. Income Tier applies World Bank thresholds (High >14,005; Upper-middle 4,516-14,005; Lower-middle 1,146-4,515; Low <1,146) - note those thresholds are set against GNI per capita, so using GDP per capita as the input makes the tier indicative rather than official. Vatican City publishes no GDP and is left blank. Cuba, Syria, North Korea, Venezuela and Eritrea figures are weak - treat them as placeholders.
A41: Population figures are rounded 2025 estimates on the basis of the UN World Population Prospects. They are stated to 2-3 significant figures and are intended for banding and rough market sizing, not for reporting. Refresh from the UN WPP or World Bank WDI before using them in any external document. Population Band (column F) is a formula and re-derives automatically if you overwrite a population figure.
A42: Diaspora figures are indicative mid-range estimates compiled from UN migration stock data, national census records and Wikipedia country articles. Definitions of 'African descent' vary widely between countries (Brazil ranges from 20 m to 112 m depending on the definition used), so treat these as orders of magnitude, not audited figures.
A43: Diaspora Priority separates two very different commercial situations: countries where an African MIGRANT community sustains a specialist import and ethnic-retail channel (High), and countries with a large Afro-descendant population that is simply the general market and buys through ordinary retail (Medium/Low).
A44: ECOWAS: Burkina Faso, Mali and Niger formally exited on 29 January 2025 and formed the Alliance of Sahel States. ECOWAS has provisionally continued ETLS trade treatment for their goods until full modalities are agreed - verify current status before pricing.
A45: AfCFTA: 'Signatory' covers all African Union members except Eritrea. Signature is not the same as ratification or active tariff-schedule implementation - confirm per corridor before relying on preferential duty.
A46: Import duty, import value and competition columns are deliberately left blank. Populate them from your GlobalWits trade data and the national tariff schedules rather than from estimates.

Sheet Summary
A1: Countries by Continent - Summary
A3: Continent | B3: Countries | C3: % of Total | D3: Population (2025 est.) | E3: % of World Pop. | F3: GDP Nominal USD (2024) | G3: % of World GDP | H3: GDP per Capita, USD | I3: Diaspora = Yes | J3: High Priority | K3: Medium Priority
A4: Africa | B4: =COUNTIF('Countries by Continent'!$C$2:$C$196,$A4) -> 54 | C4: =IFERROR(B4/$B$10,0) -> 0.27692308 | D4: =SUMIF('Countries by Continent'!$C$2:$C$196,$A4,'Countries by Continent'!$E$2:$E$196) -> 1541850000 | E4: =IFERROR(D4/$D$10,0) -> 0.18842257 | F4: =SUMIF('Countries by Continent'!$C$2:$C$196,$A4,'Countries by Continent'!$G$2:$G$196) -> 2795050000000 | G4: =IFERROR(F4/$F$10,0) -> 0.025562432 | H4: =IFERROR(ROUND(F4/D4,0),0) -> 1813 | I4: =COUNTIFS('Countries by Continent'!$C$2:$C$196,$A4,'Countries by Continent'!$J$2:$J$196,"Yes") -> 0 | J4: =COUNTIFS('Countries by Continent'!$C$2:$C$196,$A4,'Countries by Continent'!$M$2:$M$196,"High") -> 0 | K4: =COUNTIFS('Countries by Continent'!$C$2:$C$196,$A4,'Countries by Continent'!$M$2:$M$196,"Medium") -> 0
A5: Asia | B5: =COUNTIF('Countries by Continent'!$C$2:$C$196,$A5) -> 48 | C5: =IFERROR(B5/$B$10,0) -> 0.24615385 | D5: =SUMIF('Countries by Continent'!$C$2:$C$196,$A5,'Countries by Continent'!$E$2:$E$196) -> 4803760000 | E5: =IFERROR(D5/$D$10,0) -> 0.58704596 | F5: =SUMIF('Countries by Continent'!$C$2:$C$196,$A5,'Countries by Continent'!$G$2:$G$196) -> 39197400000000 | G5: =IFERROR(F5/$F$10,0) -> 0.35848406 | H5: =IFERROR(ROUND(F5/D5,0),0) -> 8160 | I5: =COUNTIFS('Countries by Continent'!$C$2:$C$196,$A5,'Countries by Continent'!$J$2:$J$196,"Yes") -> 19 | J5: =COUNTIFS('Countries by Continent'!$C$2:$C$196,$A5,'Countries by Continent'!$M$2:$M$196,"High") -> 1 | K5: =COUNTIFS('Countries by Continent'!$C$2:$C$196,$A5,'Countries by Continent'!$M$2:$M$196,"Medium") -> 5
A6: Europe | B6: =COUNTIF('Countries by Continent'!$C$2:$C$196,$A6) -> 44 | C6: =IFERROR(B6/$B$10,0) -> 0.22564103 | D6: =SUMIF('Countries by Continent'!$C$2:$C$196,$A6,'Countries by Continent'!$E$2:$E$196) -> 741095800 | E6: =IFERROR(D6/$D$10,0) -> 0.090565993 | F6: =SUMIF('Countries by Continent'!$C$2:$C$196,$A6,'Countries by Continent'!$G$2:$G$196) -> 27006200000000 | G6: =IFERROR(F6/$F$10,0) -> 0.24698812 | H6: =IFERROR(ROUND(F6/D6,0),0) -> 36441 | I6: =COUNTIFS('Countries by Continent'!$C$2:$C$196,$A6,'Countries by Continent'!$J$2:$J$196,"Yes") -> 19 | J6: =COUNTIFS('Countries by Continent'!$C$2:$C$196,$A6,'Countries by Continent'!$M$2:$M$196,"High") -> 7 | K6: =COUNTIFS('Countries by Continent'!$C$2:$C$196,$A6,'Countries by Continent'!$M$2:$M$196,"Medium") -> 5
A7: North America | B7: =COUNTIF('Countries by Continent'!$C$2:$C$196,$A7) -> 23 | C7: =IFERROR(B7/$B$10,0) -> 0.11794872 | D7: =SUMIF('Countries by Continent'!$C$2:$C$196,$A7,'Countries by Continent'!$E$2:$E$196) -> 612297000 | E7: =IFERROR(D7/$D$10,0) -> 0.07482607 | F7: =SUMIF('Countries by Continent'!$C$2:$C$196,$A7,'Countries by Continent'!$G$2:$G$196) -> 33964400000000 | G7: =IFERROR(F7/$F$10,0) -> 0.31062509 | H7: =IFERROR(ROUND(F7/D7,0),0) -> 55470 | I7: =COUNTIFS('Countries by Continent'!$C$2:$C$196,$A7,'Countries by Continent'!$J$2:$J$196,"Yes") -> 23 | J7: =COUNTIFS('Countries by Continent'!$C$2:$C$196,$A7,'Countries by Continent'!$M$2:$M$196,"High") -> 2 | K7: =COUNTIFS('Countries by Continent'!$C$2:$C$196,$A7,'Countries by Continent'!$M$2:$M$196,"Medium") -> 6
A8: South America | B8: =COUNTIF('Countries by Continent'!$C$2:$C$196,$A8) -> 12 | C8: =IFERROR(B8/$B$10,0) -> 0.061538462 | D8: =SUMIF('Countries by Continent'!$C$2:$C$196,$A8,'Countries by Continent'!$E$2:$E$196) -> 437980000 | E8: =IFERROR(D8/$D$10,0) -> 0.053523571 | F8: =SUMIF('Countries by Continent'!$C$2:$C$196,$A8,'Countries by Continent'!$G$2:$G$196) -> 4280400000000 | G8: =IFERROR(F8/$F$10,0) -> 0.039146861 | H8: =IFERROR(ROUND(F8/D8,0),0) -> 9773 | I8: =COUNTIFS('Countries by Continent'!$C$2:$C$196,$A8,'Countries by Continent'!$J$2:$J$196,"Yes") -> 12 | J8: =COUNTIFS('Countries by Continent'!$C$2:$C$196,$A8,'Countries by Continent'!$M$2:$M$196,"High") -> 0 | K8: =COUNTIFS('Countries by Continent'!$C$2:$C$196,$A8,'Countries by Continent'!$M$2:$M$196,"Medium") -> 5
A9: Oceania | B9: =COUNTIF('Countries by Continent'!$C$2:$C$196,$A9) -> 14 | C9: =IFERROR(B9/$B$10,0) -> 0.071794872 | D9: =SUMIF('Countries by Continent'!$C$2:$C$196,$A9,'Countries by Continent'!$E$2:$E$196) -> 45954000 | E9: =IFERROR(D9/$D$10,0) -> 0.0056158322 | F9: =SUMIF('Countries by Continent'!$C$2:$C$196,$A9,'Countries by Continent'!$G$2:$G$196) -> 2098650000000 | G9: =IFERROR(F9/$F$10,0) -> 0.019193431 | H9: =IFERROR(ROUND(F9/D9,0),0) -> 45668 | I9: =COUNTIFS('Countries by Continent'!$C$2:$C$196,$A9,'Countries by Continent'!$J$2:$J$196,"Yes") -> 2 | J9: =COUNTIFS('Countries by Continent'!$C$2:$C$196,$A9,'Countries by Continent'!$M$2:$M$196,"High") -> 0 | K9: =COUNTIFS('Countries by Continent'!$C$2:$C$196,$A9,'Countries by Continent'!$M$2:$M$196,"Medium") -> 1
A10: Total | B10: =SUM(B4:B9) -> 195 | C10: =SUM(C4:C9) -> 1 | D10: =SUM(D4:D9) -> 8182936800 | E10: =SUM(E4:E9) -> 1 | F10: =SUM(F4:F9) -> 109342100000000 | G10: =SUM(G4:G9) -> 1 | H10: =IFERROR(ROUND(F10/D10,0),0) -> 13362 | I10: =SUM(I4:I9) -> 75 | J10: =SUM(J4:J9) -> 10 | K10: =SUM(K4:K9) -> 22
A12: Scope
A13: Antarctica excluded as requested - it has no countries, only Antarctic Treaty research stations.
A14: 195 states: the 193 UN members plus Vatican City and Palestine (UN permanent observer states).
A15: Not included: Taiwan, Kosovo, Western Sahara, Northern Cyprus, Hong Kong, Macau, Puerto Rico, Greenland and other dependent or partially recognised territories.
A16: 'Diaspora = Yes' counts countries outside Africa with a commercially meaningful African-descent population. African countries are marked 'Home' and are excluded from that count.
A17: See the Scoring Guide tab for definitions, caveats and how to use the amber input columns.
